"year";"orgnr";"var";"denominator";"ind_id"
2008;874632562;215;243;"hoftebrudd_dekgrad_prim_brudd"
2009;874632562;195;229;"hoftebrudd_dekgrad_prim_brudd"
2010;874632562;186;214;"hoftebrudd_dekgrad_prim_brudd"
2011;874632562;155;186;"hoftebrudd_dekgrad_prim_brudd"
2012;874632562;239;295;"hoftebrudd_dekgrad_prim_brudd"
2013;874632562;112;254;"hoftebrudd_dekgrad_prim_brudd"
2014;874632562;80;220;"hoftebrudd_dekgrad_prim_brudd"
2015;874632562;139;226;"hoftebrudd_dekgrad_prim_brudd"
2016;874632562;156;226;"hoftebrudd_dekgrad_prim_brudd"
2017;874632562;134;213;"hoftebrudd_dekgrad_prim_brudd"
2018;874632562;173;196;"hoftebrudd_dekgrad_prim_brudd"
2013;874716782;0;1;"hoftebrudd_dekgrad_prim_brudd"
2014;874716782;2;2;"hoftebrudd_dekgrad_prim_brudd"
2015;874716782;1;2;"hoftebrudd_dekgrad_prim_brudd"
2016;874716782;1;3;"hoftebrudd_dekgrad_prim_brudd"
2017;874716782;0;1;"hoftebrudd_dekgrad_prim_brudd"
2018;874716782;0;2;"hoftebrudd_dekgrad_prim_brudd"
2008;874743372;1;1;"hoftebrudd_dekgrad_prim_brudd"
2010;874743372;1;1;"hoftebrudd_dekgrad_prim_brudd"
2011;874743372;1;1;"hoftebrudd_dekgrad_prim_brudd"
2013;874743372;1;1;"hoftebrudd_dekgrad_prim_brudd"
2018;874743372;0;4;"hoftebrudd_dekgrad_prim_brudd"
2010;974116588;2;2;"hoftebrudd_dekgrad_prim_brudd"
2011;974116588;3;3;"hoftebrudd_dekgrad_prim_brudd"
2012;974116588;2;2;"hoftebrudd_dekgrad_prim_brudd"
2013;974116588;1;1;"hoftebrudd_dekgrad_prim_brudd"
2018;974116588;0;2;"hoftebrudd_dekgrad_prim_brudd"
2008;974116804;526;551;"hoftebrudd_dekgrad_prim_brudd"
2009;974116804;492;501;"hoftebrudd_dekgrad_prim_brudd"
2010;974116804;484;494;"hoftebrudd_dekgrad_prim_brudd"
2011;974116804;478;497;"hoftebrudd_dekgrad_prim_brudd"
2012;974116804;452;493;"hoftebrudd_dekgrad_prim_brudd"
2013;974116804;421;486;"hoftebrudd_dekgrad_prim_brudd"
2014;974116804;495;506;"hoftebrudd_dekgrad_prim_brudd"
2015;974116804;506;520;"hoftebrudd_dekgrad_prim_brudd"
2016;974116804;521;525;"hoftebrudd_dekgrad_prim_brudd"
2017;974116804;473;488;"hoftebrudd_dekgrad_prim_brudd"
2018;974116804;485;496;"hoftebrudd_dekgrad_prim_brudd"
2008;974207532;0;1;"hoftebrudd_dekgrad_prim_brudd"
2012;974207532;0;1;"hoftebrudd_dekgrad_prim_brudd"
2018;974207532;2;2;"hoftebrudd_dekgrad_prim_brudd"
2008;974316285;202;216;"hoftebrudd_dekgrad_prim_brudd"
2009;974316285;192;209;"hoftebrudd_dekgrad_prim_brudd"
2010;974316285;200;211;"hoftebrudd_dekgrad_prim_brudd"
2011;974316285;206;216;"hoftebrudd_dekgrad_prim_brudd"
2012;974316285;226;236;"hoftebrudd_dekgrad_prim_brudd"
2013;974316285;183;196;"hoftebrudd_dekgrad_prim_brudd"
2014;974316285;171;187;"hoftebrudd_dekgrad_prim_brudd"
2015;974316285;182;191;"hoftebrudd_dekgrad_prim_brudd"
2016;974316285;191;223;"hoftebrudd_dekgrad_prim_brudd"
2017;974316285;172;185;"hoftebrudd_dekgrad_prim_brudd"
2018;974316285;182;190;"hoftebrudd_dekgrad_prim_brudd"
2008;974329506;127;143;"hoftebrudd_dekgrad_prim_brudd"
2009;974329506;104;112;"hoftebrudd_dekgrad_prim_brudd"
2010;974329506;129;135;"hoftebrudd_dekgrad_prim_brudd"
2011;974329506;135;144;"hoftebrudd_dekgrad_prim_brudd"
2012;974329506;121;126;"hoftebrudd_dekgrad_prim_brudd"
2013;974329506;148;150;"hoftebrudd_dekgrad_prim_brudd"
2014;974329506;122;127;"hoftebrudd_dekgrad_prim_brudd"
2015;974329506;124;138;"hoftebrudd_dekgrad_prim_brudd"
2016;974329506;131;138;"hoftebrudd_dekgrad_prim_brudd"
2017;974329506;140;153;"hoftebrudd_dekgrad_prim_brudd"
2018;974329506;134;143;"hoftebrudd_dekgrad_prim_brudd"
2008;974557746;382;411;"hoftebrudd_dekgrad_prim_brudd"
2009;974557746;357;392;"hoftebrudd_dekgrad_prim_brudd"
2010;974557746;354;395;"hoftebrudd_dekgrad_prim_brudd"
2011;974557746;317;377;"hoftebrudd_dekgrad_prim_brudd"
2012;974557746;310;342;"hoftebrudd_dekgrad_prim_brudd"
2013;974557746;353;382;"hoftebrudd_dekgrad_prim_brudd"
2014;974557746;372;393;"hoftebrudd_dekgrad_prim_brudd"
2015;974557746;361;387;"hoftebrudd_dekgrad_prim_brudd"
2016;974557746;382;398;"hoftebrudd_dekgrad_prim_brudd"
2017;974557746;365;383;"hoftebrudd_dekgrad_prim_brudd"
2018;974557746;284;338;"hoftebrudd_dekgrad_prim_brudd"
2013;974589095;9;9;"hoftebrudd_dekgrad_prim_brudd"
2014;974589095;259;327;"hoftebrudd_dekgrad_prim_brudd"
2015;974589095;297;343;"hoftebrudd_dekgrad_prim_brudd"
2016;974589095;252;286;"hoftebrudd_dekgrad_prim_brudd"
2017;974589095;213;259;"hoftebrudd_dekgrad_prim_brudd"
2018;974589095;253;278;"hoftebrudd_dekgrad_prim_brudd"
2010;974595214;65;75;"hoftebrudd_dekgrad_prim_brudd"
2011;974595214;93;104;"hoftebrudd_dekgrad_prim_brudd"
2012;974595214;69;74;"hoftebrudd_dekgrad_prim_brudd"
2013;974595214;69;82;"hoftebrudd_dekgrad_prim_brudd"
2014;974595214;66;77;"hoftebrudd_dekgrad_prim_brudd"
2015;974595214;71;81;"hoftebrudd_dekgrad_prim_brudd"
2016;974595214;63;64;"hoftebrudd_dekgrad_prim_brudd"
2017;974595214;63;74;"hoftebrudd_dekgrad_prim_brudd"
2018;974595214;45;57;"hoftebrudd_dekgrad_prim_brudd"
2010;974631091;169;186;"hoftebrudd_dekgrad_prim_brudd"
2011;974631091;140;168;"hoftebrudd_dekgrad_prim_brudd"
2012;974631091;143;174;"hoftebrudd_dekgrad_prim_brudd"
2013;974631091;170;210;"hoftebrudd_dekgrad_prim_brudd"
2014;974631091;165;207;"hoftebrudd_dekgrad_prim_brudd"
2015;974631091;137;179;"hoftebrudd_dekgrad_prim_brudd"
2016;974631091;163;163;"hoftebrudd_dekgrad_prim_brudd"
2017;974631091;165;190;"hoftebrudd_dekgrad_prim_brudd"
2018;974631091;96;197;"hoftebrudd_dekgrad_prim_brudd"
2008;974631326;267;293;"hoftebrudd_dekgrad_prim_brudd"
2009;974631326;275;301;"hoftebrudd_dekgrad_prim_brudd"
2010;974631326;203;247;"hoftebrudd_dekgrad_prim_brudd"
2011;974631326;216;246;"hoftebrudd_dekgrad_prim_brudd"
2012;974631326;199;231;"hoftebrudd_dekgrad_prim_brudd"
2013;974631326;216;254;"hoftebrudd_dekgrad_prim_brudd"
2014;974631326;231;250;"hoftebrudd_dekgrad_prim_brudd"
2015;974631326;238;262;"hoftebrudd_dekgrad_prim_brudd"
2016;974631326;248;267;"hoftebrudd_dekgrad_prim_brudd"
2017;974631326;257;268;"hoftebrudd_dekgrad_prim_brudd"
2018;974631326;254;264;"hoftebrudd_dekgrad_prim_brudd"
2008;974631385;100;114;"hoftebrudd_dekgrad_prim_brudd"
2009;974631385;101;120;"hoftebrudd_dekgrad_prim_brudd"
2010;974631385;90;106;"hoftebrudd_dekgrad_prim_brudd"
2011;974631385;145;157;"hoftebrudd_dekgrad_prim_brudd"
2012;974631385;132;137;"hoftebrudd_dekgrad_prim_brudd"
2013;974631385;135;140;"hoftebrudd_dekgrad_prim_brudd"
2014;974631385;123;127;"hoftebrudd_dekgrad_prim_brudd"
2015;974631385;101;107;"hoftebrudd_dekgrad_prim_brudd"
2016;974631385;105;107;"hoftebrudd_dekgrad_prim_brudd"
2017;974631385;116;118;"hoftebrudd_dekgrad_prim_brudd"
2018;974631385;115;118;"hoftebrudd_dekgrad_prim_brudd"
2008;974631407;175;194;"hoftebrudd_dekgrad_prim_brudd"
2009;974631407;170;186;"hoftebrudd_dekgrad_prim_brudd"
2010;974631407;172;183;"hoftebrudd_dekgrad_prim_brudd"
2011;974631407;149;169;"hoftebrudd_dekgrad_prim_brudd"
2012;974631407;171;183;"hoftebrudd_dekgrad_prim_brudd"
2013;974631407;192;201;"hoftebrudd_dekgrad_prim_brudd"
2014;974631407;171;179;"hoftebrudd_dekgrad_prim_brudd"
2015;974631407;206;211;"hoftebrudd_dekgrad_prim_brudd"
2016;974631407;178;185;"hoftebrudd_dekgrad_prim_brudd"
2017;974631407;173;182;"hoftebrudd_dekgrad_prim_brudd"
2018;974631407;166;181;"hoftebrudd_dekgrad_prim_brudd"
2008;974631768;295;329;"hoftebrudd_dekgrad_prim_brudd"
2009;974631768;314;336;"hoftebrudd_dekgrad_prim_brudd"
2010;974631768;261;276;"hoftebrudd_dekgrad_prim_brudd"
2011;974631768;271;291;"hoftebrudd_dekgrad_prim_brudd"
2012;974631768;305;317;"hoftebrudd_dekgrad_prim_brudd"
2013;974631768;307;337;"hoftebrudd_dekgrad_prim_brudd"
2014;974631768;258;277;"hoftebrudd_dekgrad_prim_brudd"
2015;974631768;247;272;"hoftebrudd_dekgrad_prim_brudd"
2016;974631768;242;266;"hoftebrudd_dekgrad_prim_brudd"
2017;974631768;223;257;"hoftebrudd_dekgrad_prim_brudd"
2018;974631768;244;261;"hoftebrudd_dekgrad_prim_brudd"
2008;974631776;134;142;"hoftebrudd_dekgrad_prim_brudd"
2009;974631776;137;140;"hoftebrudd_dekgrad_prim_brudd"
2010;974631776;149;149;"hoftebrudd_dekgrad_prim_brudd"
2011;974631776;164;170;"hoftebrudd_dekgrad_prim_brudd"
2012;974631776;168;173;"hoftebrudd_dekgrad_prim_brudd"
2013;974631776;156;157;"hoftebrudd_dekgrad_prim_brudd"
2014;974631776;194;195;"hoftebrudd_dekgrad_prim_brudd"
2015;974631776;175;179;"hoftebrudd_dekgrad_prim_brudd"
2016;974631776;161;162;"hoftebrudd_dekgrad_prim_brudd"
2017;974631776;144;147;"hoftebrudd_dekgrad_prim_brudd"
2018;974631776;83;123;"hoftebrudd_dekgrad_prim_brudd"
2008;974632535;207;287;"hoftebrudd_dekgrad_prim_brudd"
2009;974632535;208;251;"hoftebrudd_dekgrad_prim_brudd"
2010;974632535;238;265;"hoftebrudd_dekgrad_prim_brudd"
2011;974632535;225;236;"hoftebrudd_dekgrad_prim_brudd"
2012;974632535;203;218;"hoftebrudd_dekgrad_prim_brudd"
2013;974632535;202;213;"hoftebrudd_dekgrad_prim_brudd"
2014;974632535;245;258;"hoftebrudd_dekgrad_prim_brudd"
2015;974632535;278;296;"hoftebrudd_dekgrad_prim_brudd"
2016;974632535;257;274;"hoftebrudd_dekgrad_prim_brudd"
2017;974632535;233;281;"hoftebrudd_dekgrad_prim_brudd"
2018;974632535;220;257;"hoftebrudd_dekgrad_prim_brudd"
2008;974633159;34;46;"hoftebrudd_dekgrad_prim_brudd"
2009;974633159;39;41;"hoftebrudd_dekgrad_prim_brudd"
2010;974633159;42;43;"hoftebrudd_dekgrad_prim_brudd"
2011;974633159;44;47;"hoftebrudd_dekgrad_prim_brudd"
2012;974633159;54;55;"hoftebrudd_dekgrad_prim_brudd"
2013;974633159;36;40;"hoftebrudd_dekgrad_prim_brudd"
2014;974633159;64;67;"hoftebrudd_dekgrad_prim_brudd"
2015;974633159;98;103;"hoftebrudd_dekgrad_prim_brudd"
2016;974633159;99;99;"hoftebrudd_dekgrad_prim_brudd"
2017;974633159;90;98;"hoftebrudd_dekgrad_prim_brudd"
2018;974633159;87;89;"hoftebrudd_dekgrad_prim_brudd"
2008;974633191;264;319;"hoftebrudd_dekgrad_prim_brudd"
2009;974633191;267;301;"hoftebrudd_dekgrad_prim_brudd"
2010;974633191;304;314;"hoftebrudd_dekgrad_prim_brudd"
2011;974633191;307;322;"hoftebrudd_dekgrad_prim_brudd"
2012;974633191;286;307;"hoftebrudd_dekgrad_prim_brudd"
2013;974633191;232;246;"hoftebrudd_dekgrad_prim_brudd"
2014;974633191;236;258;"hoftebrudd_dekgrad_prim_brudd"
2015;974633191;235;261;"hoftebrudd_dekgrad_prim_brudd"
2016;974633191;253;253;"hoftebrudd_dekgrad_prim_brudd"
2017;974633191;265;275;"hoftebrudd_dekgrad_prim_brudd"
2018;974633191;236;250;"hoftebrudd_dekgrad_prim_brudd"
2015;974633558;1;1;"hoftebrudd_dekgrad_prim_brudd"
2018;974633558;2;2;"hoftebrudd_dekgrad_prim_brudd"
2015;974633574;416;426;"hoftebrudd_dekgrad_prim_brudd"
2016;974633574;426;441;"hoftebrudd_dekgrad_prim_brudd"
2017;974633574;448;475;"hoftebrudd_dekgrad_prim_brudd"
2018;974633574;476;497;"hoftebrudd_dekgrad_prim_brudd"
2015;974633698;1;1;"hoftebrudd_dekgrad_prim_brudd"
2016;974633698;6;6;"hoftebrudd_dekgrad_prim_brudd"
2017;974633698;18;19;"hoftebrudd_dekgrad_prim_brudd"
2018;974633698;18;19;"hoftebrudd_dekgrad_prim_brudd"
2015;974633752;573;602;"hoftebrudd_dekgrad_prim_brudd"
2016;974633752;538;539;"hoftebrudd_dekgrad_prim_brudd"
2017;974633752;553;589;"hoftebrudd_dekgrad_prim_brudd"
2018;974633752;568;583;"hoftebrudd_dekgrad_prim_brudd"
2008;974703300;441;443;"hoftebrudd_dekgrad_prim_brudd"
2009;974703300;456;463;"hoftebrudd_dekgrad_prim_brudd"
2010;974703300;481;489;"hoftebrudd_dekgrad_prim_brudd"
2011;974703300;443;453;"hoftebrudd_dekgrad_prim_brudd"
2012;974703300;499;505;"hoftebrudd_dekgrad_prim_brudd"
2013;974703300;451;477;"hoftebrudd_dekgrad_prim_brudd"
2014;974703300;449;463;"hoftebrudd_dekgrad_prim_brudd"
2015;974703300;439;451;"hoftebrudd_dekgrad_prim_brudd"
2016;974703300;410;413;"hoftebrudd_dekgrad_prim_brudd"
2017;974703300;429;444;"hoftebrudd_dekgrad_prim_brudd"
2018;974703300;461;462;"hoftebrudd_dekgrad_prim_brudd"
2008;974705788;265;305;"hoftebrudd_dekgrad_prim_brudd"
2009;974705788;277;291;"hoftebrudd_dekgrad_prim_brudd"
2010;974705788;296;316;"hoftebrudd_dekgrad_prim_brudd"
2011;974705788;297;326;"hoftebrudd_dekgrad_prim_brudd"
2012;974705788;292;322;"hoftebrudd_dekgrad_prim_brudd"
2013;974705788;266;296;"hoftebrudd_dekgrad_prim_brudd"
2014;974705788;268;297;"hoftebrudd_dekgrad_prim_brudd"
2015;974705788;266;285;"hoftebrudd_dekgrad_prim_brudd"
2016;974705788;265;280;"hoftebrudd_dekgrad_prim_brudd"
2017;974705788;271;294;"hoftebrudd_dekgrad_prim_brudd"
2018;974705788;269;297;"hoftebrudd_dekgrad_prim_brudd"
2008;974706490;357;481;"hoftebrudd_dekgrad_prim_brudd"
2009;974706490;382;485;"hoftebrudd_dekgrad_prim_brudd"
2010;974706490;376;427;"hoftebrudd_dekgrad_prim_brudd"
2011;974706490;629;730;"hoftebrudd_dekgrad_prim_brudd"
2012;974706490;641;730;"hoftebrudd_dekgrad_prim_brudd"
2013;974706490;634;710;"hoftebrudd_dekgrad_prim_brudd"
2014;974706490;563;611;"hoftebrudd_dekgrad_prim_brudd"
2015;974706490;538;580;"hoftebrudd_dekgrad_prim_brudd"
2016;974706490;600;661;"hoftebrudd_dekgrad_prim_brudd"
2017;974706490;638;665;"hoftebrudd_dekgrad_prim_brudd"
2018;974706490;618;658;"hoftebrudd_dekgrad_prim_brudd"
2016;974707152;0;2;"hoftebrudd_dekgrad_prim_brudd"
2017;974707152;0;1;"hoftebrudd_dekgrad_prim_brudd"
2008;974724774;205;223;"hoftebrudd_dekgrad_prim_brudd"
2009;974724774;223;226;"hoftebrudd_dekgrad_prim_brudd"
2010;974724774;230;239;"hoftebrudd_dekgrad_prim_brudd"
2011;974724774;195;201;"hoftebrudd_dekgrad_prim_brudd"
2012;974724774;198;203;"hoftebrudd_dekgrad_prim_brudd"
2013;974724774;252;256;"hoftebrudd_dekgrad_prim_brudd"
2014;974724774;212;221;"hoftebrudd_dekgrad_prim_brudd"
2015;974724774;205;218;"hoftebrudd_dekgrad_prim_brudd"
2016;974724774;239;239;"hoftebrudd_dekgrad_prim_brudd"
2017;974724774;187;194;"hoftebrudd_dekgrad_prim_brudd"
2018;974724774;218;221;"hoftebrudd_dekgrad_prim_brudd"
2008;974725215;37;43;"hoftebrudd_dekgrad_prim_brudd"
2009;974725215;32;39;"hoftebrudd_dekgrad_prim_brudd"
2010;974725215;40;53;"hoftebrudd_dekgrad_prim_brudd"
2011;974725215;54;54;"hoftebrudd_dekgrad_prim_brudd"
2012;974725215;50;55;"hoftebrudd_dekgrad_prim_brudd"
2013;974725215;66;73;"hoftebrudd_dekgrad_prim_brudd"
2014;974725215;55;61;"hoftebrudd_dekgrad_prim_brudd"
2015;974725215;57;59;"hoftebrudd_dekgrad_prim_brudd"
2016;974725215;45;49;"hoftebrudd_dekgrad_prim_brudd"
2017;974725215;73;79;"hoftebrudd_dekgrad_prim_brudd"
2018;974725215;48;49;"hoftebrudd_dekgrad_prim_brudd"
2010;974733013;243;263;"hoftebrudd_dekgrad_prim_brudd"
2011;974733013;239;281;"hoftebrudd_dekgrad_prim_brudd"
2012;974733013;267;281;"hoftebrudd_dekgrad_prim_brudd"
2013;974733013;209;240;"hoftebrudd_dekgrad_prim_brudd"
2014;974733013;239;276;"hoftebrudd_dekgrad_prim_brudd"
2015;974733013;262;285;"hoftebrudd_dekgrad_prim_brudd"
2016;974733013;215;215;"hoftebrudd_dekgrad_prim_brudd"
2017;974733013;228;246;"hoftebrudd_dekgrad_prim_brudd"
2018;974733013;262;290;"hoftebrudd_dekgrad_prim_brudd"
2008;974742985;63;69;"hoftebrudd_dekgrad_prim_brudd"
2009;974742985;61;75;"hoftebrudd_dekgrad_prim_brudd"
2010;974742985;75;91;"hoftebrudd_dekgrad_prim_brudd"
2011;974742985;82;94;"hoftebrudd_dekgrad_prim_brudd"
2012;974742985;75;85;"hoftebrudd_dekgrad_prim_brudd"
2013;974742985;65;79;"hoftebrudd_dekgrad_prim_brudd"
2014;974742985;66;72;"hoftebrudd_dekgrad_prim_brudd"
2015;974742985;72;75;"hoftebrudd_dekgrad_prim_brudd"
2016;974742985;72;72;"hoftebrudd_dekgrad_prim_brudd"
2017;974742985;91;99;"hoftebrudd_dekgrad_prim_brudd"
2018;974742985;76;82;"hoftebrudd_dekgrad_prim_brudd"
2008;974743086;2;22;"hoftebrudd_dekgrad_prim_brudd"
2009;974743086;12;27;"hoftebrudd_dekgrad_prim_brudd"
2010;974743086;18;21;"hoftebrudd_dekgrad_prim_brudd"
2011;974743086;26;29;"hoftebrudd_dekgrad_prim_brudd"
2012;974743086;18;24;"hoftebrudd_dekgrad_prim_brudd"
2013;974743086;2;8;"hoftebrudd_dekgrad_prim_brudd"
2014;974743086;0;6;"hoftebrudd_dekgrad_prim_brudd"
2015;974743086;0;8;"hoftebrudd_dekgrad_prim_brudd"
2008;974743272;97;125;"hoftebrudd_dekgrad_prim_brudd"
2009;974743272;106;116;"hoftebrudd_dekgrad_prim_brudd"
2010;974743272;136;151;"hoftebrudd_dekgrad_prim_brudd"
2011;974743272;205;217;"hoftebrudd_dekgrad_prim_brudd"
2012;974743272;185;199;"hoftebrudd_dekgrad_prim_brudd"
2013;974743272;176;184;"hoftebrudd_dekgrad_prim_brudd"
2014;974743272;152;184;"hoftebrudd_dekgrad_prim_brudd"
2015;974743272;143;167;"hoftebrudd_dekgrad_prim_brudd"
2016;974743272;138;147;"hoftebrudd_dekgrad_prim_brudd"
2017;974743272;154;162;"hoftebrudd_dekgrad_prim_brudd"
2018;974743272;174;182;"hoftebrudd_dekgrad_prim_brudd"
2011;974744570;119;155;"hoftebrudd_dekgrad_prim_brudd"
2012;974744570;151;199;"hoftebrudd_dekgrad_prim_brudd"
2013;974744570;133;191;"hoftebrudd_dekgrad_prim_brudd"
2014;974744570;147;213;"hoftebrudd_dekgrad_prim_brudd"
2015;974744570;136;194;"hoftebrudd_dekgrad_prim_brudd"
2016;974744570;165;166;"hoftebrudd_dekgrad_prim_brudd"
2017;974744570;167;201;"hoftebrudd_dekgrad_prim_brudd"
2018;974744570;195;207;"hoftebrudd_dekgrad_prim_brudd"
2011;974745089;15;17;"hoftebrudd_dekgrad_prim_brudd"
2012;974745089;10;15;"hoftebrudd_dekgrad_prim_brudd"
2011;974745364;31;47;"hoftebrudd_dekgrad_prim_brudd"
2012;974745364;15;18;"hoftebrudd_dekgrad_prim_brudd"
2008;974745569;138;151;"hoftebrudd_dekgrad_prim_brudd"
2009;974745569;127;138;"hoftebrudd_dekgrad_prim_brudd"
2010;974745569;137;154;"hoftebrudd_dekgrad_prim_brudd"
2011;974745569;125;139;"hoftebrudd_dekgrad_prim_brudd"
2012;974745569;93;106;"hoftebrudd_dekgrad_prim_brudd"
2013;974745569;107;113;"hoftebrudd_dekgrad_prim_brudd"
2014;974745569;87;98;"hoftebrudd_dekgrad_prim_brudd"
2015;974745569;70;86;"hoftebrudd_dekgrad_prim_brudd"
2016;974745569;64;79;"hoftebrudd_dekgrad_prim_brudd"
2017;974745569;83;107;"hoftebrudd_dekgrad_prim_brudd"
2018;974745569;64;83;"hoftebrudd_dekgrad_prim_brudd"
2008;974746948;44;97;"hoftebrudd_dekgrad_prim_brudd"
2009;974746948;57;89;"hoftebrudd_dekgrad_prim_brudd"
2010;974746948;73;116;"hoftebrudd_dekgrad_prim_brudd"
2011;974746948;78;98;"hoftebrudd_dekgrad_prim_brudd"
2012;974746948;121;154;"hoftebrudd_dekgrad_prim_brudd"
2013;974746948;100;134;"hoftebrudd_dekgrad_prim_brudd"
2014;974746948;122;141;"hoftebrudd_dekgrad_prim_brudd"
2015;974746948;120;132;"hoftebrudd_dekgrad_prim_brudd"
2016;974746948;129;140;"hoftebrudd_dekgrad_prim_brudd"
2017;974746948;132;139;"hoftebrudd_dekgrad_prim_brudd"
2018;974746948;145;154;"hoftebrudd_dekgrad_prim_brudd"
2008;974747138;164;199;"hoftebrudd_dekgrad_prim_brudd"
2009;974747138;157;185;"hoftebrudd_dekgrad_prim_brudd"
2010;974747138;197;210;"hoftebrudd_dekgrad_prim_brudd"
2011;974747138;180;192;"hoftebrudd_dekgrad_prim_brudd"
2012;974747138;185;199;"hoftebrudd_dekgrad_prim_brudd"
2013;974747138;165;175;"hoftebrudd_dekgrad_prim_brudd"
2014;974747138;164;184;"hoftebrudd_dekgrad_prim_brudd"
2015;974747138;152;179;"hoftebrudd_dekgrad_prim_brudd"
2016;974747138;150;177;"hoftebrudd_dekgrad_prim_brudd"
2017;974747138;136;178;"hoftebrudd_dekgrad_prim_brudd"
2018;974747138;151;198;"hoftebrudd_dekgrad_prim_brudd"
2008;974747545;86;100;"hoftebrudd_dekgrad_prim_brudd"
2009;974747545;79;86;"hoftebrudd_dekgrad_prim_brudd"
2010;974747545;76;83;"hoftebrudd_dekgrad_prim_brudd"
2011;974747545;94;104;"hoftebrudd_dekgrad_prim_brudd"
2012;974747545;98;105;"hoftebrudd_dekgrad_prim_brudd"
2013;974747545;103;108;"hoftebrudd_dekgrad_prim_brudd"
2014;974747545;98;101;"hoftebrudd_dekgrad_prim_brudd"
2015;974747545;94;98;"hoftebrudd_dekgrad_prim_brudd"
2016;974747545;103;105;"hoftebrudd_dekgrad_prim_brudd"
2017;974747545;110;115;"hoftebrudd_dekgrad_prim_brudd"
2018;974747545;95;97;"hoftebrudd_dekgrad_prim_brudd"
2008;974749025;283;424;"hoftebrudd_dekgrad_prim_brudd"
2009;974749025;340;443;"hoftebrudd_dekgrad_prim_brudd"
2010;974749025;286;366;"hoftebrudd_dekgrad_prim_brudd"
2011;974749025;367;425;"hoftebrudd_dekgrad_prim_brudd"
2012;974749025;330;398;"hoftebrudd_dekgrad_prim_brudd"
2013;974749025;328;407;"hoftebrudd_dekgrad_prim_brudd"
2014;974749025;345;415;"hoftebrudd_dekgrad_prim_brudd"
2015;974749025;326;424;"hoftebrudd_dekgrad_prim_brudd"
2016;974749025;325;390;"hoftebrudd_dekgrad_prim_brudd"
2017;974749025;282;379;"hoftebrudd_dekgrad_prim_brudd"
2018;974749025;319;419;"hoftebrudd_dekgrad_prim_brudd"
2008;974749505;11;12;"hoftebrudd_dekgrad_prim_brudd"
2009;974749505;8;10;"hoftebrudd_dekgrad_prim_brudd"
2010;974749505;6;6;"hoftebrudd_dekgrad_prim_brudd"
2011;974749505;0;1;"hoftebrudd_dekgrad_prim_brudd"
2008;974753898;99;118;"hoftebrudd_dekgrad_prim_brudd"
2009;974753898;67;86;"hoftebrudd_dekgrad_prim_brudd"
2010;974753898;70;84;"hoftebrudd_dekgrad_prim_brudd"
2011;974753898;61;84;"hoftebrudd_dekgrad_prim_brudd"
2012;974753898;71;78;"hoftebrudd_dekgrad_prim_brudd"
2013;974753898;72;89;"hoftebrudd_dekgrad_prim_brudd"
2014;974753898;82;88;"hoftebrudd_dekgrad_prim_brudd"
2015;974753898;71;80;"hoftebrudd_dekgrad_prim_brudd"
2016;974753898;69;75;"hoftebrudd_dekgrad_prim_brudd"
2017;974753898;72;77;"hoftebrudd_dekgrad_prim_brudd"
2018;974753898;88;97;"hoftebrudd_dekgrad_prim_brudd"
2008;974754118;146;167;"hoftebrudd_dekgrad_prim_brudd"
2009;974754118;170;187;"hoftebrudd_dekgrad_prim_brudd"
2010;974754118;175;193;"hoftebrudd_dekgrad_prim_brudd"
2011;974754118;165;173;"hoftebrudd_dekgrad_prim_brudd"
2012;974754118;137;157;"hoftebrudd_dekgrad_prim_brudd"
2013;974754118;166;184;"hoftebrudd_dekgrad_prim_brudd"
2014;974754118;164;175;"hoftebrudd_dekgrad_prim_brudd"
2015;974754118;178;185;"hoftebrudd_dekgrad_prim_brudd"
2016;974754118;198;205;"hoftebrudd_dekgrad_prim_brudd"
2017;974754118;175;180;"hoftebrudd_dekgrad_prim_brudd"
2018;974754118;179;180;"hoftebrudd_dekgrad_prim_brudd"
2008;974795361;138;177;"hoftebrudd_dekgrad_prim_brudd"
2009;974795361;152;171;"hoftebrudd_dekgrad_prim_brudd"
2010;974795361;131;145;"hoftebrudd_dekgrad_prim_brudd"
2011;974795361;158;170;"hoftebrudd_dekgrad_prim_brudd"
2012;974795361;189;202;"hoftebrudd_dekgrad_prim_brudd"
2013;974795361;166;200;"hoftebrudd_dekgrad_prim_brudd"
2014;974795361;163;186;"hoftebrudd_dekgrad_prim_brudd"
2015;974795361;157;186;"hoftebrudd_dekgrad_prim_brudd"
2016;974795361;205;218;"hoftebrudd_dekgrad_prim_brudd"
2017;974795361;170;182;"hoftebrudd_dekgrad_prim_brudd"
2018;974795361;186;193;"hoftebrudd_dekgrad_prim_brudd"
2008;974795396;77;85;"hoftebrudd_dekgrad_prim_brudd"
2010;974795396;58;65;"hoftebrudd_dekgrad_prim_brudd"
2011;974795396;56;62;"hoftebrudd_dekgrad_prim_brudd"
2012;974795396;45;49;"hoftebrudd_dekgrad_prim_brudd"
2013;974795396;37;47;"hoftebrudd_dekgrad_prim_brudd"
2014;974795396;29;40;"hoftebrudd_dekgrad_prim_brudd"
2015;974795396;22;26;"hoftebrudd_dekgrad_prim_brudd"
2016;974795396;12;12;"hoftebrudd_dekgrad_prim_brudd"
2017;974795396;16;29;"hoftebrudd_dekgrad_prim_brudd"
2018;974795396;28;39;"hoftebrudd_dekgrad_prim_brudd"
2008;974795477;23;34;"hoftebrudd_dekgrad_prim_brudd"
2009;974795477;26;32;"hoftebrudd_dekgrad_prim_brudd"
2010;974795477;17;22;"hoftebrudd_dekgrad_prim_brudd"
2011;974795477;8;10;"hoftebrudd_dekgrad_prim_brudd"
2012;974795477;7;13;"hoftebrudd_dekgrad_prim_brudd"
2013;974795477;9;11;"hoftebrudd_dekgrad_prim_brudd"
2014;974795477;3;8;"hoftebrudd_dekgrad_prim_brudd"
2015;974795477;2;2;"hoftebrudd_dekgrad_prim_brudd"
2008;974795515;67;97;"hoftebrudd_dekgrad_prim_brudd"
2009;974795515;71;114;"hoftebrudd_dekgrad_prim_brudd"
2010;974795515;77;116;"hoftebrudd_dekgrad_prim_brudd"
2011;974795515;97;136;"hoftebrudd_dekgrad_prim_brudd"
2012;974795515;104;136;"hoftebrudd_dekgrad_prim_brudd"
2013;974795515;99;135;"hoftebrudd_dekgrad_prim_brudd"
2014;974795515;95;138;"hoftebrudd_dekgrad_prim_brudd"
2015;974795515;117;168;"hoftebrudd_dekgrad_prim_brudd"
2016;974795515;123;164;"hoftebrudd_dekgrad_prim_brudd"
2017;974795515;127;158;"hoftebrudd_dekgrad_prim_brudd"
2018;974795515;154;175;"hoftebrudd_dekgrad_prim_brudd"
2008;974795558;34;42;"hoftebrudd_dekgrad_prim_brudd"
2009;974795558;33;39;"hoftebrudd_dekgrad_prim_brudd"
2010;974795558;45;48;"hoftebrudd_dekgrad_prim_brudd"
2011;974795558;37;43;"hoftebrudd_dekgrad_prim_brudd"
2012;974795558;38;46;"hoftebrudd_dekgrad_prim_brudd"
2013;974795558;38;42;"hoftebrudd_dekgrad_prim_brudd"
2014;974795558;22;28;"hoftebrudd_dekgrad_prim_brudd"
2015;974795558;25;32;"hoftebrudd_dekgrad_prim_brudd"
2016;974795558;16;30;"hoftebrudd_dekgrad_prim_brudd"
2017;974795558;18;36;"hoftebrudd_dekgrad_prim_brudd"
2018;974795558;29;38;"hoftebrudd_dekgrad_prim_brudd"
2008;974795574;65;74;"hoftebrudd_dekgrad_prim_brudd"
2009;974795574;68;77;"hoftebrudd_dekgrad_prim_brudd"
2010;974795574;63;69;"hoftebrudd_dekgrad_prim_brudd"
2011;974795574;56;61;"hoftebrudd_dekgrad_prim_brudd"
2012;974795574;58;62;"hoftebrudd_dekgrad_prim_brudd"
2013;974795574;62;62;"hoftebrudd_dekgrad_prim_brudd"
2014;974795574;44;49;"hoftebrudd_dekgrad_prim_brudd"
2015;974795574;55;59;"hoftebrudd_dekgrad_prim_brudd"
2016;974795574;49;53;"hoftebrudd_dekgrad_prim_brudd"
2017;974795574;34;41;"hoftebrudd_dekgrad_prim_brudd"
2018;974795574;61;62;"hoftebrudd_dekgrad_prim_brudd"
2008;974795639;102;107;"hoftebrudd_dekgrad_prim_brudd"
2010;974795639;118;121;"hoftebrudd_dekgrad_prim_brudd"
2011;974795639;142;146;"hoftebrudd_dekgrad_prim_brudd"
2012;974795639;118;127;"hoftebrudd_dekgrad_prim_brudd"
2013;974795639;123;125;"hoftebrudd_dekgrad_prim_brudd"
2014;974795639;141;143;"hoftebrudd_dekgrad_prim_brudd"
2015;974795639;170;173;"hoftebrudd_dekgrad_prim_brudd"
2016;974795639;186;186;"hoftebrudd_dekgrad_prim_brudd"
2017;974795639;177;180;"hoftebrudd_dekgrad_prim_brudd"
2018;974795639;122;122;"hoftebrudd_dekgrad_prim_brudd"
2008;974795787;148;176;"hoftebrudd_dekgrad_prim_brudd"
2010;974795787;143;160;"hoftebrudd_dekgrad_prim_brudd"
2011;974795787;146;189;"hoftebrudd_dekgrad_prim_brudd"
2012;974795787;167;203;"hoftebrudd_dekgrad_prim_brudd"
2013;974795787;136;169;"hoftebrudd_dekgrad_prim_brudd"
2014;974795787;113;147;"hoftebrudd_dekgrad_prim_brudd"
2015;974795787;136;162;"hoftebrudd_dekgrad_prim_brudd"
2016;974795787;118;118;"hoftebrudd_dekgrad_prim_brudd"
2017;974795787;120;150;"hoftebrudd_dekgrad_prim_brudd"
2018;974795787;158;172;"hoftebrudd_dekgrad_prim_brudd"
2008;974795833;73;93;"hoftebrudd_dekgrad_prim_brudd"
2009;974795833;60;71;"hoftebrudd_dekgrad_prim_brudd"
2010;974795833;62;74;"hoftebrudd_dekgrad_prim_brudd"
2011;974795833;55;71;"hoftebrudd_dekgrad_prim_brudd"
2012;974795833;54;67;"hoftebrudd_dekgrad_prim_brudd"
2013;974795833;65;72;"hoftebrudd_dekgrad_prim_brudd"
2014;974795833;72;77;"hoftebrudd_dekgrad_prim_brudd"
2015;974795833;55;65;"hoftebrudd_dekgrad_prim_brudd"
2016;974795833;55;56;"hoftebrudd_dekgrad_prim_brudd"
2017;974795833;58;67;"hoftebrudd_dekgrad_prim_brudd"
2018;974795833;76;93;"hoftebrudd_dekgrad_prim_brudd"
2008;974795930;12;24;"hoftebrudd_dekgrad_prim_brudd"
2009;974795930;34;42;"hoftebrudd_dekgrad_prim_brudd"
2010;974795930;22;29;"hoftebrudd_dekgrad_prim_brudd"
2011;974795930;27;34;"hoftebrudd_dekgrad_prim_brudd"
2012;974795930;25;35;"hoftebrudd_dekgrad_prim_brudd"
2013;974795930;21;38;"hoftebrudd_dekgrad_prim_brudd"
2014;974795930;23;41;"hoftebrudd_dekgrad_prim_brudd"
2015;974795930;28;55;"hoftebrudd_dekgrad_prim_brudd"
2016;974795930;19;32;"hoftebrudd_dekgrad_prim_brudd"
2017;974795930;28;49;"hoftebrudd_dekgrad_prim_brudd"
2018;974795930;11;37;"hoftebrudd_dekgrad_prim_brudd"
2008;974798379;7;27;"hoftebrudd_dekgrad_prim_brudd"
2009;974798379;15;27;"hoftebrudd_dekgrad_prim_brudd"
2010;974798379;19;31;"hoftebrudd_dekgrad_prim_brudd"
2011;974798379;33;34;"hoftebrudd_dekgrad_prim_brudd"
2012;974798379;37;41;"hoftebrudd_dekgrad_prim_brudd"
2013;974798379;33;44;"hoftebrudd_dekgrad_prim_brudd"
2014;974798379;16;20;"hoftebrudd_dekgrad_prim_brudd"
2008;983971652;323;363;"hoftebrudd_dekgrad_prim_brudd"
2009;983971652;358;382;"hoftebrudd_dekgrad_prim_brudd"
2010;983971652;318;335;"hoftebrudd_dekgrad_prim_brudd"
2011;983971652;75;81;"hoftebrudd_dekgrad_prim_brudd"
2016;983971652;0;1;"hoftebrudd_dekgrad_prim_brudd"
2008;874632562;92;98;"hoftebrudd_dekgrad_prim_hemi"
2008;874632562;123;145;"hoftebrudd_dekgrad_prim_ost"
2009;874632562;85;90;"hoftebrudd_dekgrad_prim_hemi"
2009;874632562;110;139;"hoftebrudd_dekgrad_prim_ost"
2010;874632562;83;86;"hoftebrudd_dekgrad_prim_hemi"
2010;874632562;103;128;"hoftebrudd_dekgrad_prim_ost"
2011;874632562;65;69;"hoftebrudd_dekgrad_prim_hemi"
2011;874632562;90;117;"hoftebrudd_dekgrad_prim_ost"
2012;874632562;133;150;"hoftebrudd_dekgrad_prim_hemi"
2012;874632562;106;145;"hoftebrudd_dekgrad_prim_ost"
2013;874632562;38;91;"hoftebrudd_dekgrad_prim_hemi"
2013;874632562;64;152;"hoftebrudd_dekgrad_prim_ost"
2013;874632562;10;11;"hoftebrudd_dekgrad_prim_total"
2014;874632562;40;94;"hoftebrudd_dekgrad_prim_hemi"
2014;874632562;34;114;"hoftebrudd_dekgrad_prim_ost"
2014;874632562;6;12;"hoftebrudd_dekgrad_prim_total"
2015;874632562;63;88;"hoftebrudd_dekgrad_prim_hemi"
2015;874632562;67;123;"hoftebrudd_dekgrad_prim_ost"
2015;874632562;9;15;"hoftebrudd_dekgrad_prim_total"
2016;874632562;42;86;"hoftebrudd_dekgrad_prim_hemi"
2016;874632562;107;123;"hoftebrudd_dekgrad_prim_ost"
2016;874632562;7;17;"hoftebrudd_dekgrad_prim_total"
2017;874632562;52;77;"hoftebrudd_dekgrad_prim_hemi"
2017;874632562;74;127;"hoftebrudd_dekgrad_prim_ost"
2017;874632562;8;9;"hoftebrudd_dekgrad_prim_total"
2018;874632562;85;87;"hoftebrudd_dekgrad_prim_hemi"
2018;874632562;76;97;"hoftebrudd_dekgrad_prim_ost"
2018;874632562;12;12;"hoftebrudd_dekgrad_prim_total"
2013;874716782;0;1;"hoftebrudd_dekgrad_prim_ost"
2014;874716782;1;1;"hoftebrudd_dekgrad_prim_hemi"
2014;874716782;1;1;"hoftebrudd_dekgrad_prim_total"
2015;874716782;0;1;"hoftebrudd_dekgrad_prim_ost"
2015;874716782;1;1;"hoftebrudd_dekgrad_prim_total"
2016;874716782;1;2;"hoftebrudd_dekgrad_prim_hemi"
2016;874716782;0;1;"hoftebrudd_dekgrad_prim_ost"
2017;874716782;0;1;"hoftebrudd_dekgrad_prim_ost"
2018;874716782;0;1;"hoftebrudd_dekgrad_prim_hemi"
2018;874716782;0;1;"hoftebrudd_dekgrad_prim_ost"
2008;874743372;1;1;"hoftebrudd_dekgrad_prim_hemi"
2010;874743372;1;1;"hoftebrudd_dekgrad_prim_hemi"
2011;874743372;1;1;"hoftebrudd_dekgrad_prim_hemi"
2013;874743372;1;1;"hoftebrudd_dekgrad_prim_total"
2018;874743372;0;2;"hoftebrudd_dekgrad_prim_ost"
2018;874743372;0;2;"hoftebrudd_dekgrad_prim_total"
2010;974116588;2;2;"hoftebrudd_dekgrad_prim_hemi"
2011;974116588;3;3;"hoftebrudd_dekgrad_prim_hemi"
2012;974116588;2;2;"hoftebrudd_dekgrad_prim_hemi"
2013;974116588;1;1;"hoftebrudd_dekgrad_prim_total"
2018;974116588;0;1;"hoftebrudd_dekgrad_prim_ost"
2018;974116588;0;1;"hoftebrudd_dekgrad_prim_total"
2008;974116804;175;180;"hoftebrudd_dekgrad_prim_hemi"
2008;974116804;351;371;"hoftebrudd_dekgrad_prim_ost"
2009;974116804;198;201;"hoftebrudd_dekgrad_prim_hemi"
2009;974116804;294;300;"hoftebrudd_dekgrad_prim_ost"
2010;974116804;191;193;"hoftebrudd_dekgrad_prim_hemi"
2010;974116804;293;301;"hoftebrudd_dekgrad_prim_ost"
2011;974116804;186;194;"hoftebrudd_dekgrad_prim_hemi"
2011;974116804;292;303;"hoftebrudd_dekgrad_prim_ost"
2012;974116804;183;199;"hoftebrudd_dekgrad_prim_hemi"
2012;974116804;269;294;"hoftebrudd_dekgrad_prim_ost"
2013;974116804;152;168;"hoftebrudd_dekgrad_prim_hemi"
2013;974116804;257;303;"hoftebrudd_dekgrad_prim_ost"
2013;974116804;12;15;"hoftebrudd_dekgrad_prim_total"
2014;974116804;227;229;"hoftebrudd_dekgrad_prim_hemi"
2014;974116804;257;262;"hoftebrudd_dekgrad_prim_ost"
2014;974116804;11;15;"hoftebrudd_dekgrad_prim_total"
2015;974116804;192;199;"hoftebrudd_dekgrad_prim_hemi"
2015;974116804;300;306;"hoftebrudd_dekgrad_prim_ost"
2015;974116804;14;15;"hoftebrudd_dekgrad_prim_total"
2016;974116804;250;250;"hoftebrudd_dekgrad_prim_hemi"
2016;974116804;259;262;"hoftebrudd_dekgrad_prim_ost"
2016;974116804;12;13;"hoftebrudd_dekgrad_prim_total"
2017;974116804;181;189;"hoftebrudd_dekgrad_prim_hemi"
2017;974116804;280;286;"hoftebrudd_dekgrad_prim_ost"
2017;974116804;12;13;"hoftebrudd_dekgrad_prim_total"
2018;974116804;202;205;"hoftebrudd_dekgrad_prim_hemi"
2018;974116804;256;262;"hoftebrudd_dekgrad_prim_ost"
2018;974116804;27;29;"hoftebrudd_dekgrad_prim_total"
2008;974207532;0;1;"hoftebrudd_dekgrad_prim_ost"
2012;974207532;0;1;"hoftebrudd_dekgrad_prim_ost"
2018;974207532;2;2;"hoftebrudd_dekgrad_prim_total"
2008;974316285;68;70;"hoftebrudd_dekgrad_prim_hemi"
2008;974316285;134;146;"hoftebrudd_dekgrad_prim_ost"
2009;974316285;67;74;"hoftebrudd_dekgrad_prim_hemi"
2009;974316285;125;135;"hoftebrudd_dekgrad_prim_ost"
2010;974316285;65;66;"hoftebrudd_dekgrad_prim_hemi"
2010;974316285;135;145;"hoftebrudd_dekgrad_prim_ost"
2011;974316285;75;77;"hoftebrudd_dekgrad_prim_hemi"
2011;974316285;131;139;"hoftebrudd_dekgrad_prim_ost"
2012;974316285;77;79;"hoftebrudd_dekgrad_prim_hemi"
2012;974316285;149;157;"hoftebrudd_dekgrad_prim_ost"
2013;974316285;61;63;"hoftebrudd_dekgrad_prim_hemi"
2013;974316285;114;125;"hoftebrudd_dekgrad_prim_ost"
2013;974316285;8;8;"hoftebrudd_dekgrad_prim_total"
2014;974316285;70;75;"hoftebrudd_dekgrad_prim_hemi"
2014;974316285;100;110;"hoftebrudd_dekgrad_prim_ost"
2014;974316285;1;2;"hoftebrudd_dekgrad_prim_total"
2015;974316285;85;89;"hoftebrudd_dekgrad_prim_hemi"
2015;974316285;93;97;"hoftebrudd_dekgrad_prim_ost"
2015;974316285;4;5;"hoftebrudd_dekgrad_prim_total"
2016;974316285;74;79;"hoftebrudd_dekgrad_prim_hemi"
2016;974316285;114;140;"hoftebrudd_dekgrad_prim_ost"
2016;974316285;3;4;"hoftebrudd_dekgrad_prim_total"
2017;974316285;61;64;"hoftebrudd_dekgrad_prim_hemi"
2017;974316285;104;113;"hoftebrudd_dekgrad_prim_ost"
2017;974316285;7;8;"hoftebrudd_dekgrad_prim_total"
2018;974316285;84;88;"hoftebrudd_dekgrad_prim_hemi"
2018;974316285;89;93;"hoftebrudd_dekgrad_prim_ost"
2018;974316285;9;9;"hoftebrudd_dekgrad_prim_total"
2008;974329506;40;40;"hoftebrudd_dekgrad_prim_hemi"
2008;974329506;87;103;"hoftebrudd_dekgrad_prim_ost"
2009;974329506;40;41;"hoftebrudd_dekgrad_prim_hemi"
2009;974329506;64;71;"hoftebrudd_dekgrad_prim_ost"
2010;974329506;49;51;"hoftebrudd_dekgrad_prim_hemi"
2010;974329506;80;84;"hoftebrudd_dekgrad_prim_ost"
2011;974329506;44;47;"hoftebrudd_dekgrad_prim_hemi"
2011;974329506;91;97;"hoftebrudd_dekgrad_prim_ost"
2012;974329506;35;35;"hoftebrudd_dekgrad_prim_hemi"
2012;974329506;86;91;"hoftebrudd_dekgrad_prim_ost"
2013;974329506;43;43;"hoftebrudd_dekgrad_prim_hemi"
2013;974329506;102;104;"hoftebrudd_dekgrad_prim_ost"
2013;974329506;3;3;"hoftebrudd_dekgrad_prim_total"
2014;974329506;26;26;"hoftebrudd_dekgrad_prim_hemi"
2014;974329506;83;88;"hoftebrudd_dekgrad_prim_ost"
2014;974329506;13;13;"hoftebrudd_dekgrad_prim_total"
2015;974329506;40;43;"hoftebrudd_dekgrad_prim_hemi"
2015;974329506;65;75;"hoftebrudd_dekgrad_prim_ost"
2015;974329506;19;20;"hoftebrudd_dekgrad_prim_total"
2016;974329506;46;46;"hoftebrudd_dekgrad_prim_hemi"
2016;974329506;78;85;"hoftebrudd_dekgrad_prim_ost"
2016;974329506;7;7;"hoftebrudd_dekgrad_prim_total"
2017;974329506;45;46;"hoftebrudd_dekgrad_prim_hemi"
2017;974329506;87;96;"hoftebrudd_dekgrad_prim_ost"
2017;974329506;8;11;"hoftebrudd_dekgrad_prim_total"
2018;974329506;39;40;"hoftebrudd_dekgrad_prim_hemi"
2018;974329506;71;77;"hoftebrudd_dekgrad_prim_ost"
2018;974329506;24;26;"hoftebrudd_dekgrad_prim_total"
2008;974557746;124;129;"hoftebrudd_dekgrad_prim_hemi"
2008;974557746;258;282;"hoftebrudd_dekgrad_prim_ost"
2009;974557746;129;141;"hoftebrudd_dekgrad_prim_hemi"
2009;974557746;228;251;"hoftebrudd_dekgrad_prim_ost"
2010;974557746;127;140;"hoftebrudd_dekgrad_prim_hemi"
2010;974557746;227;255;"hoftebrudd_dekgrad_prim_ost"
2011;974557746;130;144;"hoftebrudd_dekgrad_prim_hemi"
2011;974557746;187;233;"hoftebrudd_dekgrad_prim_ost"
2012;974557746;108;109;"hoftebrudd_dekgrad_prim_hemi"
2012;974557746;202;233;"hoftebrudd_dekgrad_prim_ost"
2013;974557746;139;146;"hoftebrudd_dekgrad_prim_hemi"
2013;974557746;206;227;"hoftebrudd_dekgrad_prim_ost"
2013;974557746;8;9;"hoftebrudd_dekgrad_prim_total"
2014;974557746;126;129;"hoftebrudd_dekgrad_prim_hemi"
2014;974557746;238;255;"hoftebrudd_dekgrad_prim_ost"
2014;974557746;8;9;"hoftebrudd_dekgrad_prim_total"
2015;974557746;139;141;"hoftebrudd_dekgrad_prim_hemi"
2015;974557746;215;237;"hoftebrudd_dekgrad_prim_ost"
2015;974557746;7;9;"hoftebrudd_dekgrad_prim_total"
2016;974557746;150;151;"hoftebrudd_dekgrad_prim_hemi"
2016;974557746;218;231;"hoftebrudd_dekgrad_prim_ost"
2016;974557746;14;16;"hoftebrudd_dekgrad_prim_total"
2017;974557746;148;149;"hoftebrudd_dekgrad_prim_hemi"
2017;974557746;199;212;"hoftebrudd_dekgrad_prim_ost"
2017;974557746;18;22;"hoftebrudd_dekgrad_prim_total"
2018;974557746;120;137;"hoftebrudd_dekgrad_prim_hemi"
2018;974557746;151;188;"hoftebrudd_dekgrad_prim_ost"
2018;974557746;13;13;"hoftebrudd_dekgrad_prim_total"
2013;974589095;6;6;"hoftebrudd_dekgrad_prim_hemi"
2013;974589095;2;2;"hoftebrudd_dekgrad_prim_ost"
2013;974589095;1;1;"hoftebrudd_dekgrad_prim_total"
2014;974589095;102;110;"hoftebrudd_dekgrad_prim_hemi"
2014;974589095;140;192;"hoftebrudd_dekgrad_prim_ost"
2014;974589095;17;25;"hoftebrudd_dekgrad_prim_total"
2015;974589095;117;124;"hoftebrudd_dekgrad_prim_hemi"
2015;974589095;163;198;"hoftebrudd_dekgrad_prim_ost"
2015;974589095;17;21;"hoftebrudd_dekgrad_prim_total"
2016;974589095;100;105;"hoftebrudd_dekgrad_prim_hemi"
2016;974589095;137;166;"hoftebrudd_dekgrad_prim_ost"
2016;974589095;15;15;"hoftebrudd_dekgrad_prim_total"
2017;974589095;91;99;"hoftebrudd_dekgrad_prim_hemi"
2017;974589095;110;148;"hoftebrudd_dekgrad_prim_ost"
2017;974589095;12;12;"hoftebrudd_dekgrad_prim_total"
2018;974589095;114;115;"hoftebrudd_dekgrad_prim_hemi"
2018;974589095;125;149;"hoftebrudd_dekgrad_prim_ost"
2018;974589095;14;14;"hoftebrudd_dekgrad_prim_total"
2010;974595214;20;22;"hoftebrudd_dekgrad_prim_hemi"
2010;974595214;45;53;"hoftebrudd_dekgrad_prim_ost"
2011;974595214;30;30;"hoftebrudd_dekgrad_prim_hemi"
2011;974595214;63;74;"hoftebrudd_dekgrad_prim_ost"
2012;974595214;20;21;"hoftebrudd_dekgrad_prim_hemi"
2012;974595214;49;53;"hoftebrudd_dekgrad_prim_ost"
2013;974595214;21;21;"hoftebrudd_dekgrad_prim_hemi"
2013;974595214;48;61;"hoftebrudd_dekgrad_prim_ost"
2014;974595214;20;21;"hoftebrudd_dekgrad_prim_hemi"
2014;974595214;46;56;"hoftebrudd_dekgrad_prim_ost"
2015;974595214;30;32;"hoftebrudd_dekgrad_prim_hemi"
2015;974595214;36;43;"hoftebrudd_dekgrad_prim_ost"
2015;974595214;5;6;"hoftebrudd_dekgrad_prim_total"
2016;974595214;26;26;"hoftebrudd_dekgrad_prim_hemi"
2016;974595214;31;32;"hoftebrudd_dekgrad_prim_ost"
2016;974595214;6;6;"hoftebrudd_dekgrad_prim_total"
2017;974595214;31;31;"hoftebrudd_dekgrad_prim_hemi"
2017;974595214;23;33;"hoftebrudd_dekgrad_prim_ost"
2017;974595214;9;10;"hoftebrudd_dekgrad_prim_total"
2018;974595214;20;20;"hoftebrudd_dekgrad_prim_hemi"
2018;974595214;21;33;"hoftebrudd_dekgrad_prim_ost"
2018;974595214;4;4;"hoftebrudd_dekgrad_prim_total"
2010;974631091;61;62;"hoftebrudd_dekgrad_prim_hemi"
2010;974631091;108;124;"hoftebrudd_dekgrad_prim_ost"
2011;974631091;47;55;"hoftebrudd_dekgrad_prim_hemi"
2011;974631091;93;113;"hoftebrudd_dekgrad_prim_ost"
2012;974631091;48;51;"hoftebrudd_dekgrad_prim_hemi"
2012;974631091;95;123;"hoftebrudd_dekgrad_prim_ost"
2013;974631091;56;64;"hoftebrudd_dekgrad_prim_hemi"
2013;974631091;113;143;"hoftebrudd_dekgrad_prim_ost"
2013;974631091;1;3;"hoftebrudd_dekgrad_prim_total"
2014;974631091;52;54;"hoftebrudd_dekgrad_prim_hemi"
2014;974631091;106;145;"hoftebrudd_dekgrad_prim_ost"
2014;974631091;7;8;"hoftebrudd_dekgrad_prim_total"
2015;974631091;51;57;"hoftebrudd_dekgrad_prim_hemi"
2015;974631091;79;115;"hoftebrudd_dekgrad_prim_ost"
2015;974631091;7;7;"hoftebrudd_dekgrad_prim_total"
2016;974631091;65;65;"hoftebrudd_dekgrad_prim_hemi"
2016;974631091;91;91;"hoftebrudd_dekgrad_prim_ost"
2016;974631091;7;7;"hoftebrudd_dekgrad_prim_total"
2017;974631091;75;87;"hoftebrudd_dekgrad_prim_hemi"
2017;974631091;85;94;"hoftebrudd_dekgrad_prim_ost"
2017;974631091;5;9;"hoftebrudd_dekgrad_prim_total"
2018;974631091;48;86;"hoftebrudd_dekgrad_prim_hemi"
2018;974631091;42;97;"hoftebrudd_dekgrad_prim_ost"
2018;974631091;6;14;"hoftebrudd_dekgrad_prim_total"
2008;974631326;85;89;"hoftebrudd_dekgrad_prim_hemi"
2008;974631326;182;204;"hoftebrudd_dekgrad_prim_ost"
2009;974631326;83;86;"hoftebrudd_dekgrad_prim_hemi"
2009;974631326;192;215;"hoftebrudd_dekgrad_prim_ost"
2010;974631326;73;89;"hoftebrudd_dekgrad_prim_hemi"
2010;974631326;130;158;"hoftebrudd_dekgrad_prim_ost"
2011;974631326;83;94;"hoftebrudd_dekgrad_prim_hemi"
2011;974631326;133;152;"hoftebrudd_dekgrad_prim_ost"
2012;974631326;87;93;"hoftebrudd_dekgrad_prim_hemi"
2012;974631326;112;138;"hoftebrudd_dekgrad_prim_ost"
2013;974631326;87;94;"hoftebrudd_dekgrad_prim_hemi"
2013;974631326;121;152;"hoftebrudd_dekgrad_prim_ost"
2013;974631326;8;8;"hoftebrudd_dekgrad_prim_total"
2014;974631326;74;84;"hoftebrudd_dekgrad_prim_hemi"
2014;974631326;150;158;"hoftebrudd_dekgrad_prim_ost"
2014;974631326;7;8;"hoftebrudd_dekgrad_prim_total"
2015;974631326;84;94;"hoftebrudd_dekgrad_prim_hemi"
2015;974631326;146;157;"hoftebrudd_dekgrad_prim_ost"
2015;974631326;8;11;"hoftebrudd_dekgrad_prim_total"
2016;974631326;106;115;"hoftebrudd_dekgrad_prim_hemi"
2016;974631326;129;138;"hoftebrudd_dekgrad_prim_ost"
2016;974631326;13;14;"hoftebrudd_dekgrad_prim_total"
2017;974631326;108;111;"hoftebrudd_dekgrad_prim_hemi"
2017;974631326;124;131;"hoftebrudd_dekgrad_prim_ost"
2017;974631326;25;26;"hoftebrudd_dekgrad_prim_total"
2018;974631326;111;114;"hoftebrudd_dekgrad_prim_hemi"
2018;974631326;121;127;"hoftebrudd_dekgrad_prim_ost"
2018;974631326;22;23;"hoftebrudd_dekgrad_prim_total"
2008;974631385;40;41;"hoftebrudd_dekgrad_prim_hemi"
2008;974631385;60;73;"hoftebrudd_dekgrad_prim_ost"
2009;974631385;42;47;"hoftebrudd_dekgrad_prim_hemi"
2009;974631385;59;73;"hoftebrudd_dekgrad_prim_ost"
2010;974631385;40;43;"hoftebrudd_dekgrad_prim_hemi"
2010;974631385;50;63;"hoftebrudd_dekgrad_prim_ost"
2011;974631385;61;61;"hoftebrudd_dekgrad_prim_hemi"
2011;974631385;84;96;"hoftebrudd_dekgrad_prim_ost"
2012;974631385;47;48;"hoftebrudd_dekgrad_prim_hemi"
2012;974631385;85;89;"hoftebrudd_dekgrad_prim_ost"
2013;974631385;43;43;"hoftebrudd_dekgrad_prim_hemi"
2013;974631385;86;91;"hoftebrudd_dekgrad_prim_ost"
2013;974631385;6;6;"hoftebrudd_dekgrad_prim_total"
2014;974631385;51;51;"hoftebrudd_dekgrad_prim_hemi"
2014;974631385;67;70;"hoftebrudd_dekgrad_prim_ost"
2014;974631385;5;6;"hoftebrudd_dekgrad_prim_total"
2015;974631385;46;49;"hoftebrudd_dekgrad_prim_hemi"
2015;974631385;51;54;"hoftebrudd_dekgrad_prim_ost"
2015;974631385;4;4;"hoftebrudd_dekgrad_prim_total"
2016;974631385;31;31;"hoftebrudd_dekgrad_prim_hemi"
2016;974631385;69;71;"hoftebrudd_dekgrad_prim_ost"
2016;974631385;5;5;"hoftebrudd_dekgrad_prim_total"
2017;974631385;47;47;"hoftebrudd_dekgrad_prim_hemi"
2017;974631385;60;61;"hoftebrudd_dekgrad_prim_ost"
2017;974631385;9;10;"hoftebrudd_dekgrad_prim_total"
2018;974631385;36;36;"hoftebrudd_dekgrad_prim_hemi"
2018;974631385;70;73;"hoftebrudd_dekgrad_prim_ost"
2018;974631385;9;9;"hoftebrudd_dekgrad_prim_total"
2008;974631407;51;54;"hoftebrudd_dekgrad_prim_hemi"
2008;974631407;124;140;"hoftebrudd_dekgrad_prim_ost"
2009;974631407;49;51;"hoftebrudd_dekgrad_prim_hemi"
2009;974631407;121;135;"hoftebrudd_dekgrad_prim_ost"
2010;974631407;56;57;"hoftebrudd_dekgrad_prim_hemi"
2010;974631407;116;126;"hoftebrudd_dekgrad_prim_ost"
2011;974631407;65;65;"hoftebrudd_dekgrad_prim_hemi"
2011;974631407;84;104;"hoftebrudd_dekgrad_prim_ost"
2012;974631407;69;72;"hoftebrudd_dekgrad_prim_hemi"
2012;974631407;102;111;"hoftebrudd_dekgrad_prim_ost"
2013;974631407;77;77;"hoftebrudd_dekgrad_prim_hemi"
2013;974631407;106;114;"hoftebrudd_dekgrad_prim_ost"
2013;974631407;9;10;"hoftebrudd_dekgrad_prim_total"
2014;974631407;66;66;"hoftebrudd_dekgrad_prim_hemi"
2014;974631407;100;107;"hoftebrudd_dekgrad_prim_ost"
2014;974631407;5;6;"hoftebrudd_dekgrad_prim_total"
2015;974631407;71;71;"hoftebrudd_dekgrad_prim_hemi"
2015;974631407;128;132;"hoftebrudd_dekgrad_prim_ost"
2015;974631407;7;8;"hoftebrudd_dekgrad_prim_total"
2016;974631407;65;66;"hoftebrudd_dekgrad_prim_hemi"
2016;974631407;109;115;"hoftebrudd_dekgrad_prim_ost"
2016;974631407;4;4;"hoftebrudd_dekgrad_prim_total"
2017;974631407;64;64;"hoftebrudd_dekgrad_prim_hemi"
2017;974631407;98;104;"hoftebrudd_dekgrad_prim_ost"
2017;974631407;11;14;"hoftebrudd_dekgrad_prim_total"
2018;974631407;73;78;"hoftebrudd_dekgrad_prim_hemi"
2018;974631407;80;89;"hoftebrudd_dekgrad_prim_ost"
2018;974631407;13;14;"hoftebrudd_dekgrad_prim_total"
2008;974631768;109;118;"hoftebrudd_dekgrad_prim_hemi"
2008;974631768;186;211;"hoftebrudd_dekgrad_prim_ost"
2009;974631768;135;141;"hoftebrudd_dekgrad_prim_hemi"
2009;974631768;179;195;"hoftebrudd_dekgrad_prim_ost"
2010;974631768;106;113;"hoftebrudd_dekgrad_prim_hemi"
2010;974631768;155;163;"hoftebrudd_dekgrad_prim_ost"
2011;974631768;119;124;"hoftebrudd_dekgrad_prim_hemi"
2011;974631768;152;167;"hoftebrudd_dekgrad_prim_ost"
2012;974631768;151;153;"hoftebrudd_dekgrad_prim_hemi"
2012;974631768;154;164;"hoftebrudd_dekgrad_prim_ost"
2013;974631768;142;152;"hoftebrudd_dekgrad_prim_hemi"
2013;974631768;141;158;"hoftebrudd_dekgrad_prim_ost"
2013;974631768;24;27;"hoftebrudd_dekgrad_prim_total"
2014;974631768;128;135;"hoftebrudd_dekgrad_prim_hemi"
2014;974631768;123;135;"hoftebrudd_dekgrad_prim_ost"
2014;974631768;7;7;"hoftebrudd_dekgrad_prim_total"
2015;974631768;92;102;"hoftebrudd_dekgrad_prim_hemi"
2015;974631768;152;166;"hoftebrudd_dekgrad_prim_ost"
2015;974631768;3;4;"hoftebrudd_dekgrad_prim_total"
2016;974631768;107;113;"hoftebrudd_dekgrad_prim_hemi"
2016;974631768;125;140;"hoftebrudd_dekgrad_prim_ost"
2016;974631768;10;13;"hoftebrudd_dekgrad_prim_total"
2017;974631768;95;104;"hoftebrudd_dekgrad_prim_hemi"
2017;974631768;112;137;"hoftebrudd_dekgrad_prim_ost"
2017;974631768;16;16;"hoftebrudd_dekgrad_prim_total"
2018;974631768;95;100;"hoftebrudd_dekgrad_prim_hemi"
2018;974631768;127;139;"hoftebrudd_dekgrad_prim_ost"
2018;974631768;22;22;"hoftebrudd_dekgrad_prim_total"
2008;974631776;52;54;"hoftebrudd_dekgrad_prim_hemi"
2008;974631776;82;88;"hoftebrudd_dekgrad_prim_ost"
2009;974631776;64;64;"hoftebrudd_dekgrad_prim_hemi"
2009;974631776;73;76;"hoftebrudd_dekgrad_prim_ost"
2010;974631776;64;64;"hoftebrudd_dekgrad_prim_hemi"
2010;974631776;85;85;"hoftebrudd_dekgrad_prim_ost"
2011;974631776;66;68;"hoftebrudd_dekgrad_prim_hemi"
2011;974631776;98;102;"hoftebrudd_dekgrad_prim_ost"
2012;974631776;70;73;"hoftebrudd_dekgrad_prim_hemi"
2012;974631776;98;100;"hoftebrudd_dekgrad_prim_ost"
2013;974631776;58;58;"hoftebrudd_dekgrad_prim_hemi"
2013;974631776;91;92;"hoftebrudd_dekgrad_prim_ost"
2013;974631776;7;7;"hoftebrudd_dekgrad_prim_total"
2014;974631776;71;71;"hoftebrudd_dekgrad_prim_hemi"
2014;974631776;121;122;"hoftebrudd_dekgrad_prim_ost"
2014;974631776;2;2;"hoftebrudd_dekgrad_prim_total"
2015;974631776;74;75;"hoftebrudd_dekgrad_prim_hemi"
2015;974631776;98;101;"hoftebrudd_dekgrad_prim_ost"
2015;974631776;3;3;"hoftebrudd_dekgrad_prim_total"
2016;974631776;66;66;"hoftebrudd_dekgrad_prim_hemi"
2016;974631776;84;85;"hoftebrudd_dekgrad_prim_ost"
2016;974631776;11;11;"hoftebrudd_dekgrad_prim_total"
2017;974631776;38;38;"hoftebrudd_dekgrad_prim_hemi"
2017;974631776;96;97;"hoftebrudd_dekgrad_prim_ost"
2017;974631776;10;12;"hoftebrudd_dekgrad_prim_total"
2018;974631776;31;50;"hoftebrudd_dekgrad_prim_hemi"
2018;974631776;48;68;"hoftebrudd_dekgrad_prim_ost"
2018;974631776;4;5;"hoftebrudd_dekgrad_prim_total"
2008;974632535;85;97;"hoftebrudd_dekgrad_prim_hemi"
2008;974632535;122;190;"hoftebrudd_dekgrad_prim_ost"
2009;974632535;84;89;"hoftebrudd_dekgrad_prim_hemi"
2009;974632535;124;162;"hoftebrudd_dekgrad_prim_ost"
2010;974632535;92;98;"hoftebrudd_dekgrad_prim_hemi"
2010;974632535;146;167;"hoftebrudd_dekgrad_prim_ost"
2011;974632535;84;86;"hoftebrudd_dekgrad_prim_hemi"
2011;974632535;141;150;"hoftebrudd_dekgrad_prim_ost"
2012;974632535;58;60;"hoftebrudd_dekgrad_prim_hemi"
2012;974632535;145;158;"hoftebrudd_dekgrad_prim_ost"
2013;974632535;54;55;"hoftebrudd_dekgrad_prim_hemi"
2013;974632535;142;152;"hoftebrudd_dekgrad_prim_ost"
2013;974632535;6;6;"hoftebrudd_dekgrad_prim_total"
2014;974632535;117;123;"hoftebrudd_dekgrad_prim_hemi"
2014;974632535;122;129;"hoftebrudd_dekgrad_prim_ost"
2014;974632535;6;6;"hoftebrudd_dekgrad_prim_total"
2015;974632535;133;139;"hoftebrudd_dekgrad_prim_hemi"
2015;974632535;137;149;"hoftebrudd_dekgrad_prim_ost"
2015;974632535;8;8;"hoftebrudd_dekgrad_prim_total"
2016;974632535;114;116;"hoftebrudd_dekgrad_prim_hemi"
2016;974632535;129;144;"hoftebrudd_dekgrad_prim_ost"
2016;974632535;14;14;"hoftebrudd_dekgrad_prim_total"
2017;974632535;100;118;"hoftebrudd_dekgrad_prim_hemi"
2017;974632535;114;141;"hoftebrudd_dekgrad_prim_ost"
2017;974632535;19;22;"hoftebrudd_dekgrad_prim_total"
2018;974632535;103;117;"hoftebrudd_dekgrad_prim_hemi"
2018;974632535;96;118;"hoftebrudd_dekgrad_prim_ost"
2018;974632535;21;22;"hoftebrudd_dekgrad_prim_total"
2008;974633159;14;14;"hoftebrudd_dekgrad_prim_hemi"
2008;974633159;20;32;"hoftebrudd_dekgrad_prim_ost"
2009;974633159;11;12;"hoftebrudd_dekgrad_prim_hemi"
2009;974633159;28;29;"hoftebrudd_dekgrad_prim_ost"
2010;974633159;15;15;"hoftebrudd_dekgrad_prim_hemi"
2010;974633159;27;28;"hoftebrudd_dekgrad_prim_ost"
2011;974633159;14;14;"hoftebrudd_dekgrad_prim_hemi"
2011;974633159;30;33;"hoftebrudd_dekgrad_prim_ost"
2012;974633159;18;18;"hoftebrudd_dekgrad_prim_hemi"
2012;974633159;36;37;"hoftebrudd_dekgrad_prim_ost"
2013;974633159;16;16;"hoftebrudd_dekgrad_prim_hemi"
2013;974633159;18;21;"hoftebrudd_dekgrad_prim_ost"
2013;974633159;2;3;"hoftebrudd_dekgrad_prim_total"
2014;974633159;34;34;"hoftebrudd_dekgrad_prim_hemi"
2014;974633159;30;33;"hoftebrudd_dekgrad_prim_ost"
2015;974633159;38;39;"hoftebrudd_dekgrad_prim_hemi"
2015;974633159;56;60;"hoftebrudd_dekgrad_prim_ost"
2015;974633159;4;4;"hoftebrudd_dekgrad_prim_total"
2016;974633159;32;32;"hoftebrudd_dekgrad_prim_hemi"
2016;974633159;60;60;"hoftebrudd_dekgrad_prim_ost"
2016;974633159;7;7;"hoftebrudd_dekgrad_prim_total"
2017;974633159;37;38;"hoftebrudd_dekgrad_prim_hemi"
2017;974633159;51;58;"hoftebrudd_dekgrad_prim_ost"
2017;974633159;2;2;"hoftebrudd_dekgrad_prim_total"
2018;974633159;30;30;"hoftebrudd_dekgrad_prim_hemi"
2018;974633159;55;57;"hoftebrudd_dekgrad_prim_ost"
2018;974633159;2;2;"hoftebrudd_dekgrad_prim_total"
2008;974633191;95;100;"hoftebrudd_dekgrad_prim_hemi"
2008;974633191;169;219;"hoftebrudd_dekgrad_prim_ost"
2009;974633191;103;108;"hoftebrudd_dekgrad_prim_hemi"
2009;974633191;164;193;"hoftebrudd_dekgrad_prim_ost"
2010;974633191;126;127;"hoftebrudd_dekgrad_prim_hemi"
2010;974633191;178;187;"hoftebrudd_dekgrad_prim_ost"
2011;974633191;129;130;"hoftebrudd_dekgrad_prim_hemi"
2011;974633191;178;192;"hoftebrudd_dekgrad_prim_ost"
2012;974633191;112;117;"hoftebrudd_dekgrad_prim_hemi"
2012;974633191;174;190;"hoftebrudd_dekgrad_prim_ost"
2013;974633191;88;89;"hoftebrudd_dekgrad_prim_hemi"
2013;974633191;137;149;"hoftebrudd_dekgrad_prim_ost"
2013;974633191;7;8;"hoftebrudd_dekgrad_prim_total"
2014;974633191;92;98;"hoftebrudd_dekgrad_prim_hemi"
2014;974633191;134;149;"hoftebrudd_dekgrad_prim_ost"
2014;974633191;10;11;"hoftebrudd_dekgrad_prim_total"
2015;974633191;100;101;"hoftebrudd_dekgrad_prim_hemi"
2015;974633191;126;150;"hoftebrudd_dekgrad_prim_ost"
2015;974633191;9;10;"hoftebrudd_dekgrad_prim_total"
2016;974633191;96;96;"hoftebrudd_dekgrad_prim_hemi"
2016;974633191;141;141;"hoftebrudd_dekgrad_prim_ost"
2016;974633191;16;16;"hoftebrudd_dekgrad_prim_total"
2017;974633191;116;117;"hoftebrudd_dekgrad_prim_hemi"
2017;974633191;130;139;"hoftebrudd_dekgrad_prim_ost"
2017;974633191;19;19;"hoftebrudd_dekgrad_prim_total"
2018;974633191;100;100;"hoftebrudd_dekgrad_prim_hemi"
2018;974633191;113;127;"hoftebrudd_dekgrad_prim_ost"
2018;974633191;23;23;"hoftebrudd_dekgrad_prim_total"
2015;974633558;1;1;"hoftebrudd_dekgrad_prim_total"
2018;974633558;2;2;"hoftebrudd_dekgrad_prim_total"
2015;974633574;144;147;"hoftebrudd_dekgrad_prim_hemi"
2015;974633574;267;274;"hoftebrudd_dekgrad_prim_ost"
2015;974633574;5;5;"hoftebrudd_dekgrad_prim_total"
2016;974633574;170;173;"hoftebrudd_dekgrad_prim_hemi"
2016;974633574;252;263;"hoftebrudd_dekgrad_prim_ost"
2016;974633574;4;5;"hoftebrudd_dekgrad_prim_total"
2017;974633574;186;191;"hoftebrudd_dekgrad_prim_hemi"
2017;974633574;257;276;"hoftebrudd_dekgrad_prim_ost"
2017;974633574;5;8;"hoftebrudd_dekgrad_prim_total"
2018;974633574;207;211;"hoftebrudd_dekgrad_prim_hemi"
2018;974633574;266;283;"hoftebrudd_dekgrad_prim_ost"
2018;974633574;3;3;"hoftebrudd_dekgrad_prim_total"
2015;974633698;1;1;"hoftebrudd_dekgrad_prim_total"
2016;974633698;6;6;"hoftebrudd_dekgrad_prim_total"
2017;974633698;7;7;"hoftebrudd_dekgrad_prim_hemi"
2017;974633698;11;12;"hoftebrudd_dekgrad_prim_total"
2018;974633698;5;5;"hoftebrudd_dekgrad_prim_hemi"
2018;974633698;13;14;"hoftebrudd_dekgrad_prim_total"
2015;974633752;278;288;"hoftebrudd_dekgrad_prim_hemi"
2015;974633752;284;302;"hoftebrudd_dekgrad_prim_ost"
2015;974633752;11;12;"hoftebrudd_dekgrad_prim_total"
2016;974633752;257;258;"hoftebrudd_dekgrad_prim_hemi"
2016;974633752;265;265;"hoftebrudd_dekgrad_prim_ost"
2016;974633752;16;16;"hoftebrudd_dekgrad_prim_total"
2017;974633752;248;262;"hoftebrudd_dekgrad_prim_hemi"
2017;974633752;290;308;"hoftebrudd_dekgrad_prim_ost"
2017;974633752;15;19;"hoftebrudd_dekgrad_prim_total"
2018;974633752;238;244;"hoftebrudd_dekgrad_prim_hemi"
2018;974633752;310;318;"hoftebrudd_dekgrad_prim_ost"
2018;974633752;20;21;"hoftebrudd_dekgrad_prim_total"
2008;974703300;60;60;"hoftebrudd_dekgrad_prim_hemi"
2008;974703300;381;383;"hoftebrudd_dekgrad_prim_ost"
2009;974703300;97;97;"hoftebrudd_dekgrad_prim_hemi"
2009;974703300;359;366;"hoftebrudd_dekgrad_prim_ost"
2010;974703300;84;84;"hoftebrudd_dekgrad_prim_hemi"
2010;974703300;397;405;"hoftebrudd_dekgrad_prim_ost"
2011;974703300;90;92;"hoftebrudd_dekgrad_prim_hemi"
2011;974703300;353;361;"hoftebrudd_dekgrad_prim_ost"
2012;974703300;143;143;"hoftebrudd_dekgrad_prim_hemi"
2012;974703300;356;362;"hoftebrudd_dekgrad_prim_ost"
2013;974703300;106;106;"hoftebrudd_dekgrad_prim_hemi"
2013;974703300;291;302;"hoftebrudd_dekgrad_prim_ost"
2013;974703300;54;69;"hoftebrudd_dekgrad_prim_total"
2014;974703300;113;113;"hoftebrudd_dekgrad_prim_hemi"
2014;974703300;273;278;"hoftebrudd_dekgrad_prim_ost"
2014;974703300;63;72;"hoftebrudd_dekgrad_prim_total"
2015;974703300;119;122;"hoftebrudd_dekgrad_prim_hemi"
2015;974703300;268;274;"hoftebrudd_dekgrad_prim_ost"
2015;974703300;52;55;"hoftebrudd_dekgrad_prim_total"
2016;974703300;138;139;"hoftebrudd_dekgrad_prim_hemi"
2016;974703300;229;231;"hoftebrudd_dekgrad_prim_ost"
2016;974703300;43;43;"hoftebrudd_dekgrad_prim_total"
2017;974703300;154;154;"hoftebrudd_dekgrad_prim_hemi"
2017;974703300;229;236;"hoftebrudd_dekgrad_prim_ost"
2017;974703300;46;54;"hoftebrudd_dekgrad_prim_total"
2018;974703300;146;146;"hoftebrudd_dekgrad_prim_hemi"
2018;974703300;229;229;"hoftebrudd_dekgrad_prim_ost"
2018;974703300;86;87;"hoftebrudd_dekgrad_prim_total"
2008;974705788;75;82;"hoftebrudd_dekgrad_prim_hemi"
2008;974705788;190;223;"hoftebrudd_dekgrad_prim_ost"
2009;974705788;109;113;"hoftebrudd_dekgrad_prim_hemi"
2009;974705788;168;178;"hoftebrudd_dekgrad_prim_ost"
2010;974705788;122;131;"hoftebrudd_dekgrad_prim_hemi"
2010;974705788;174;185;"hoftebrudd_dekgrad_prim_ost"
2011;974705788;138;150;"hoftebrudd_dekgrad_prim_hemi"
2011;974705788;159;176;"hoftebrudd_dekgrad_prim_ost"
2012;974705788;138;143;"hoftebrudd_dekgrad_prim_hemi"
2012;974705788;154;179;"hoftebrudd_dekgrad_prim_ost"
2013;974705788;114;126;"hoftebrudd_dekgrad_prim_hemi"
2013;974705788;150;167;"hoftebrudd_dekgrad_prim_ost"
2013;974705788;2;3;"hoftebrudd_dekgrad_prim_total"
2014;974705788;129;132;"hoftebrudd_dekgrad_prim_hemi"
2014;974705788;130;155;"hoftebrudd_dekgrad_prim_ost"
2014;974705788;9;10;"hoftebrudd_dekgrad_prim_total"
2015;974705788;110;116;"hoftebrudd_dekgrad_prim_hemi"
2015;974705788;150;163;"hoftebrudd_dekgrad_prim_ost"
2015;974705788;6;6;"hoftebrudd_dekgrad_prim_total"
2016;974705788;126;129;"hoftebrudd_dekgrad_prim_hemi"
2016;974705788;134;145;"hoftebrudd_dekgrad_prim_ost"
2016;974705788;5;6;"hoftebrudd_dekgrad_prim_total"
2017;974705788;135;136;"hoftebrudd_dekgrad_prim_hemi"
2017;974705788;117;139;"hoftebrudd_dekgrad_prim_ost"
2017;974705788;19;19;"hoftebrudd_dekgrad_prim_total"
2018;974705788;112;119;"hoftebrudd_dekgrad_prim_hemi"
2018;974705788;129;149;"hoftebrudd_dekgrad_prim_ost"
2018;974705788;28;29;"hoftebrudd_dekgrad_prim_total"
2008;974706490;135;178;"hoftebrudd_dekgrad_prim_hemi"
2008;974706490;222;303;"hoftebrudd_dekgrad_prim_ost"
2009;974706490;183;212;"hoftebrudd_dekgrad_prim_hemi"
2009;974706490;199;273;"hoftebrudd_dekgrad_prim_ost"
2010;974706490;144;157;"hoftebrudd_dekgrad_prim_hemi"
2010;974706490;232;270;"hoftebrudd_dekgrad_prim_ost"
2011;974706490;257;289;"hoftebrudd_dekgrad_prim_hemi"
2011;974706490;372;441;"hoftebrudd_dekgrad_prim_ost"
2012;974706490;294;316;"hoftebrudd_dekgrad_prim_hemi"
2012;974706490;347;414;"hoftebrudd_dekgrad_prim_ost"
2013;974706490;255;271;"hoftebrudd_dekgrad_prim_hemi"
2013;974706490;354;411;"hoftebrudd_dekgrad_prim_ost"
2013;974706490;25;28;"hoftebrudd_dekgrad_prim_total"
2014;974706490;230;246;"hoftebrudd_dekgrad_prim_hemi"
2014;974706490;313;345;"hoftebrudd_dekgrad_prim_ost"
2014;974706490;20;20;"hoftebrudd_dekgrad_prim_total"
2015;974706490;208;221;"hoftebrudd_dekgrad_prim_hemi"
2015;974706490;299;328;"hoftebrudd_dekgrad_prim_ost"
2015;974706490;31;31;"hoftebrudd_dekgrad_prim_total"
2016;974706490;259;273;"hoftebrudd_dekgrad_prim_hemi"
2016;974706490;323;366;"hoftebrudd_dekgrad_prim_ost"
2016;974706490;18;22;"hoftebrudd_dekgrad_prim_total"
2017;974706490;267;271;"hoftebrudd_dekgrad_prim_hemi"
2017;974706490;346;368;"hoftebrudd_dekgrad_prim_ost"
2017;974706490;25;26;"hoftebrudd_dekgrad_prim_total"
2018;974706490;264;271;"hoftebrudd_dekgrad_prim_hemi"
2018;974706490;316;349;"hoftebrudd_dekgrad_prim_ost"
2018;974706490;38;38;"hoftebrudd_dekgrad_prim_total"
2016;974707152;0;2;"hoftebrudd_dekgrad_prim_hemi"
2017;974707152;0;1;"hoftebrudd_dekgrad_prim_ost"
2008;974724774;57;61;"hoftebrudd_dekgrad_prim_hemi"
2008;974724774;148;162;"hoftebrudd_dekgrad_prim_ost"
2009;974724774;88;89;"hoftebrudd_dekgrad_prim_hemi"
2009;974724774;135;137;"hoftebrudd_dekgrad_prim_ost"
2010;974724774;95;95;"hoftebrudd_dekgrad_prim_hemi"
2010;974724774;135;144;"hoftebrudd_dekgrad_prim_ost"
2011;974724774;75;77;"hoftebrudd_dekgrad_prim_hemi"
2011;974724774;120;124;"hoftebrudd_dekgrad_prim_ost"
2012;974724774;84;85;"hoftebrudd_dekgrad_prim_hemi"
2012;974724774;114;118;"hoftebrudd_dekgrad_prim_ost"
2013;974724774;110;111;"hoftebrudd_dekgrad_prim_hemi"
2013;974724774;140;143;"hoftebrudd_dekgrad_prim_ost"
2013;974724774;2;2;"hoftebrudd_dekgrad_prim_total"
2014;974724774;84;86;"hoftebrudd_dekgrad_prim_hemi"
2014;974724774;126;133;"hoftebrudd_dekgrad_prim_ost"
2014;974724774;2;2;"hoftebrudd_dekgrad_prim_total"
2015;974724774;81;84;"hoftebrudd_dekgrad_prim_hemi"
2015;974724774;123;133;"hoftebrudd_dekgrad_prim_ost"
2015;974724774;1;1;"hoftebrudd_dekgrad_prim_total"
2016;974724774;111;111;"hoftebrudd_dekgrad_prim_hemi"
2016;974724774;126;126;"hoftebrudd_dekgrad_prim_ost"
2016;974724774;2;2;"hoftebrudd_dekgrad_prim_total"
2017;974724774;72;73;"hoftebrudd_dekgrad_prim_hemi"
2017;974724774;113;118;"hoftebrudd_dekgrad_prim_ost"
2017;974724774;2;3;"hoftebrudd_dekgrad_prim_total"
2018;974724774;76;76;"hoftebrudd_dekgrad_prim_hemi"
2018;974724774;139;142;"hoftebrudd_dekgrad_prim_ost"
2018;974724774;3;3;"hoftebrudd_dekgrad_prim_total"
2008;974725215;12;12;"hoftebrudd_dekgrad_prim_hemi"
2008;974725215;25;31;"hoftebrudd_dekgrad_prim_ost"
2009;974725215;8;8;"hoftebrudd_dekgrad_prim_hemi"
2009;974725215;24;31;"hoftebrudd_dekgrad_prim_ost"
2010;974725215;12;12;"hoftebrudd_dekgrad_prim_hemi"
2010;974725215;28;41;"hoftebrudd_dekgrad_prim_ost"
2011;974725215;12;12;"hoftebrudd_dekgrad_prim_hemi"
2011;974725215;42;42;"hoftebrudd_dekgrad_prim_ost"
2012;974725215;11;11;"hoftebrudd_dekgrad_prim_hemi"
2012;974725215;39;44;"hoftebrudd_dekgrad_prim_ost"
2013;974725215;19;20;"hoftebrudd_dekgrad_prim_hemi"
2013;974725215;44;50;"hoftebrudd_dekgrad_prim_ost"
2013;974725215;3;3;"hoftebrudd_dekgrad_prim_total"
2014;974725215;12;12;"hoftebrudd_dekgrad_prim_hemi"
2014;974725215;39;45;"hoftebrudd_dekgrad_prim_ost"
2014;974725215;4;4;"hoftebrudd_dekgrad_prim_total"
2015;974725215;15;16;"hoftebrudd_dekgrad_prim_hemi"
2015;974725215;39;40;"hoftebrudd_dekgrad_prim_ost"
2015;974725215;3;3;"hoftebrudd_dekgrad_prim_total"
2016;974725215;17;17;"hoftebrudd_dekgrad_prim_hemi"
2016;974725215;28;32;"hoftebrudd_dekgrad_prim_ost"
2017;974725215;26;26;"hoftebrudd_dekgrad_prim_hemi"
2017;974725215;38;43;"hoftebrudd_dekgrad_prim_ost"
2017;974725215;9;10;"hoftebrudd_dekgrad_prim_total"
2018;974725215;23;24;"hoftebrudd_dekgrad_prim_hemi"
2018;974725215;17;17;"hoftebrudd_dekgrad_prim_ost"
2018;974725215;8;8;"hoftebrudd_dekgrad_prim_total"
2010;974733013;91;94;"hoftebrudd_dekgrad_prim_hemi"
2010;974733013;152;169;"hoftebrudd_dekgrad_prim_ost"
2011;974733013;98;114;"hoftebrudd_dekgrad_prim_hemi"
2011;974733013;141;167;"hoftebrudd_dekgrad_prim_ost"
2012;974733013;125;129;"hoftebrudd_dekgrad_prim_hemi"
2012;974733013;142;152;"hoftebrudd_dekgrad_prim_ost"
2013;974733013;83;89;"hoftebrudd_dekgrad_prim_hemi"
2013;974733013;123;146;"hoftebrudd_dekgrad_prim_ost"
2013;974733013;3;5;"hoftebrudd_dekgrad_prim_total"
2014;974733013;111;129;"hoftebrudd_dekgrad_prim_hemi"
2014;974733013;123;142;"hoftebrudd_dekgrad_prim_ost"
2014;974733013;5;5;"hoftebrudd_dekgrad_prim_total"
2015;974733013;128;138;"hoftebrudd_dekgrad_prim_hemi"
2015;974733013;123;136;"hoftebrudd_dekgrad_prim_ost"
2015;974733013;11;11;"hoftebrudd_dekgrad_prim_total"
2016;974733013;109;109;"hoftebrudd_dekgrad_prim_hemi"
2016;974733013;102;102;"hoftebrudd_dekgrad_prim_ost"
2016;974733013;4;4;"hoftebrudd_dekgrad_prim_total"
2017;974733013;109;116;"hoftebrudd_dekgrad_prim_hemi"
2017;974733013;111;122;"hoftebrudd_dekgrad_prim_ost"
2017;974733013;8;8;"hoftebrudd_dekgrad_prim_total"
2018;974733013;132;141;"hoftebrudd_dekgrad_prim_hemi"
2018;974733013;116;132;"hoftebrudd_dekgrad_prim_ost"
2018;974733013;14;17;"hoftebrudd_dekgrad_prim_total"
2008;974742985;14;14;"hoftebrudd_dekgrad_prim_hemi"
2008;974742985;49;55;"hoftebrudd_dekgrad_prim_ost"
2009;974742985;21;21;"hoftebrudd_dekgrad_prim_hemi"
2009;974742985;40;54;"hoftebrudd_dekgrad_prim_ost"
2010;974742985;17;18;"hoftebrudd_dekgrad_prim_hemi"
2010;974742985;58;73;"hoftebrudd_dekgrad_prim_ost"
2011;974742985;20;23;"hoftebrudd_dekgrad_prim_hemi"
2011;974742985;62;71;"hoftebrudd_dekgrad_prim_ost"
2012;974742985;17;20;"hoftebrudd_dekgrad_prim_hemi"
2012;974742985;58;65;"hoftebrudd_dekgrad_prim_ost"
2013;974742985;17;18;"hoftebrudd_dekgrad_prim_hemi"
2013;974742985;46;59;"hoftebrudd_dekgrad_prim_ost"
2013;974742985;2;2;"hoftebrudd_dekgrad_prim_total"
2014;974742985;19;21;"hoftebrudd_dekgrad_prim_hemi"
2014;974742985;44;48;"hoftebrudd_dekgrad_prim_ost"
2014;974742985;3;3;"hoftebrudd_dekgrad_prim_total"
2015;974742985;36;37;"hoftebrudd_dekgrad_prim_hemi"
2015;974742985;32;34;"hoftebrudd_dekgrad_prim_ost"
2015;974742985;4;4;"hoftebrudd_dekgrad_prim_total"
2016;974742985;28;28;"hoftebrudd_dekgrad_prim_hemi"
2016;974742985;34;34;"hoftebrudd_dekgrad_prim_ost"
2016;974742985;10;10;"hoftebrudd_dekgrad_prim_total"
2017;974742985;25;28;"hoftebrudd_dekgrad_prim_hemi"
2017;974742985;53;58;"hoftebrudd_dekgrad_prim_ost"
2017;974742985;13;13;"hoftebrudd_dekgrad_prim_total"
2018;974742985;25;27;"hoftebrudd_dekgrad_prim_hemi"
2018;974742985;42;46;"hoftebrudd_dekgrad_prim_ost"
2018;974742985;9;9;"hoftebrudd_dekgrad_prim_total"
2008;974743086;2;22;"hoftebrudd_dekgrad_prim_ost"
2009;974743086;1;1;"hoftebrudd_dekgrad_prim_hemi"
2009;974743086;11;26;"hoftebrudd_dekgrad_prim_ost"
2010;974743086;18;21;"hoftebrudd_dekgrad_prim_ost"
2011;974743086;13;13;"hoftebrudd_dekgrad_prim_hemi"
2011;974743086;13;16;"hoftebrudd_dekgrad_prim_ost"
2012;974743086;8;9;"hoftebrudd_dekgrad_prim_hemi"
2012;974743086;10;15;"hoftebrudd_dekgrad_prim_ost"
2013;974743086;2;8;"hoftebrudd_dekgrad_prim_ost"
2014;974743086;0;6;"hoftebrudd_dekgrad_prim_ost"
2015;974743086;0;8;"hoftebrudd_dekgrad_prim_ost"
2008;974743272;35;37;"hoftebrudd_dekgrad_prim_hemi"
2008;974743272;62;88;"hoftebrudd_dekgrad_prim_ost"
2009;974743272;36;36;"hoftebrudd_dekgrad_prim_hemi"
2009;974743272;70;80;"hoftebrudd_dekgrad_prim_ost"
2010;974743272;57;57;"hoftebrudd_dekgrad_prim_hemi"
2010;974743272;79;94;"hoftebrudd_dekgrad_prim_ost"
2011;974743272;88;90;"hoftebrudd_dekgrad_prim_hemi"
2011;974743272;117;127;"hoftebrudd_dekgrad_prim_ost"
2012;974743272;70;70;"hoftebrudd_dekgrad_prim_hemi"
2012;974743272;115;129;"hoftebrudd_dekgrad_prim_ost"
2013;974743272;74;74;"hoftebrudd_dekgrad_prim_hemi"
2013;974743272;96;104;"hoftebrudd_dekgrad_prim_ost"
2013;974743272;6;6;"hoftebrudd_dekgrad_prim_total"
2014;974743272;71;86;"hoftebrudd_dekgrad_prim_hemi"
2014;974743272;77;93;"hoftebrudd_dekgrad_prim_ost"
2014;974743272;4;5;"hoftebrudd_dekgrad_prim_total"
2015;974743272;54;61;"hoftebrudd_dekgrad_prim_hemi"
2015;974743272;88;105;"hoftebrudd_dekgrad_prim_ost"
2015;974743272;1;1;"hoftebrudd_dekgrad_prim_total"
2016;974743272;58;59;"hoftebrudd_dekgrad_prim_hemi"
2016;974743272;80;87;"hoftebrudd_dekgrad_prim_ost"
2016;974743272;0;1;"hoftebrudd_dekgrad_prim_total"
2017;974743272;81;84;"hoftebrudd_dekgrad_prim_hemi"
2017;974743272;69;73;"hoftebrudd_dekgrad_prim_ost"
2017;974743272;4;5;"hoftebrudd_dekgrad_prim_total"
2018;974743272;68;70;"hoftebrudd_dekgrad_prim_hemi"
2018;974743272;94;99;"hoftebrudd_dekgrad_prim_ost"
2018;974743272;12;13;"hoftebrudd_dekgrad_prim_total"
2011;974744570;52;64;"hoftebrudd_dekgrad_prim_hemi"
2011;974744570;67;91;"hoftebrudd_dekgrad_prim_ost"
2012;974744570;67;75;"hoftebrudd_dekgrad_prim_hemi"
2012;974744570;84;124;"hoftebrudd_dekgrad_prim_ost"
2013;974744570;40;50;"hoftebrudd_dekgrad_prim_hemi"
2013;974744570;92;138;"hoftebrudd_dekgrad_prim_ost"
2013;974744570;1;3;"hoftebrudd_dekgrad_prim_total"
2014;974744570;44;58;"hoftebrudd_dekgrad_prim_hemi"
2014;974744570;102;154;"hoftebrudd_dekgrad_prim_ost"
2014;974744570;1;1;"hoftebrudd_dekgrad_prim_total"
2015;974744570;40;53;"hoftebrudd_dekgrad_prim_hemi"
2015;974744570;93;137;"hoftebrudd_dekgrad_prim_ost"
2015;974744570;3;4;"hoftebrudd_dekgrad_prim_total"
2016;974744570;61;61;"hoftebrudd_dekgrad_prim_hemi"
2016;974744570;99;99;"hoftebrudd_dekgrad_prim_ost"
2016;974744570;5;6;"hoftebrudd_dekgrad_prim_total"
2017;974744570;59;67;"hoftebrudd_dekgrad_prim_hemi"
2017;974744570;103;129;"hoftebrudd_dekgrad_prim_ost"
2017;974744570;5;5;"hoftebrudd_dekgrad_prim_total"
2018;974744570;62;67;"hoftebrudd_dekgrad_prim_hemi"
2018;974744570;128;135;"hoftebrudd_dekgrad_prim_ost"
2018;974744570;5;5;"hoftebrudd_dekgrad_prim_total"
2011;974745089;7;7;"hoftebrudd_dekgrad_prim_hemi"
2011;974745089;8;10;"hoftebrudd_dekgrad_prim_ost"
2012;974745089;6;7;"hoftebrudd_dekgrad_prim_hemi"
2012;974745089;4;8;"hoftebrudd_dekgrad_prim_ost"
2011;974745364;15;18;"hoftebrudd_dekgrad_prim_hemi"
2011;974745364;16;29;"hoftebrudd_dekgrad_prim_ost"
2012;974745364;8;9;"hoftebrudd_dekgrad_prim_hemi"
2012;974745364;7;9;"hoftebrudd_dekgrad_prim_ost"
2008;974745569;42;46;"hoftebrudd_dekgrad_prim_hemi"
2008;974745569;96;105;"hoftebrudd_dekgrad_prim_ost"
2009;974745569;51;52;"hoftebrudd_dekgrad_prim_hemi"
2009;974745569;76;86;"hoftebrudd_dekgrad_prim_ost"
2010;974745569;40;43;"hoftebrudd_dekgrad_prim_hemi"
2010;974745569;97;111;"hoftebrudd_dekgrad_prim_ost"
2011;974745569;40;43;"hoftebrudd_dekgrad_prim_hemi"
2011;974745569;85;96;"hoftebrudd_dekgrad_prim_ost"
2012;974745569;43;44;"hoftebrudd_dekgrad_prim_hemi"
2012;974745569;50;62;"hoftebrudd_dekgrad_prim_ost"
2013;974745569;43;43;"hoftebrudd_dekgrad_prim_hemi"
2013;974745569;58;63;"hoftebrudd_dekgrad_prim_ost"
2013;974745569;6;7;"hoftebrudd_dekgrad_prim_total"
2014;974745569;32;35;"hoftebrudd_dekgrad_prim_hemi"
2014;974745569;54;62;"hoftebrudd_dekgrad_prim_ost"
2014;974745569;1;1;"hoftebrudd_dekgrad_prim_total"
2015;974745569;28;33;"hoftebrudd_dekgrad_prim_hemi"
2015;974745569;39;48;"hoftebrudd_dekgrad_prim_ost"
2015;974745569;3;5;"hoftebrudd_dekgrad_prim_total"
2016;974745569;22;26;"hoftebrudd_dekgrad_prim_hemi"
2016;974745569;38;47;"hoftebrudd_dekgrad_prim_ost"
2016;974745569;4;6;"hoftebrudd_dekgrad_prim_total"
2017;974745569;33;43;"hoftebrudd_dekgrad_prim_hemi"
2017;974745569;43;56;"hoftebrudd_dekgrad_prim_ost"
2017;974745569;7;8;"hoftebrudd_dekgrad_prim_total"
2018;974745569;26;30;"hoftebrudd_dekgrad_prim_hemi"
2018;974745569;34;49;"hoftebrudd_dekgrad_prim_ost"
2018;974745569;4;4;"hoftebrudd_dekgrad_prim_total"
2008;974746948;18;28;"hoftebrudd_dekgrad_prim_hemi"
2008;974746948;26;69;"hoftebrudd_dekgrad_prim_ost"
2009;974746948;34;36;"hoftebrudd_dekgrad_prim_hemi"
2009;974746948;23;53;"hoftebrudd_dekgrad_prim_ost"
2010;974746948;33;44;"hoftebrudd_dekgrad_prim_hemi"
2010;974746948;40;72;"hoftebrudd_dekgrad_prim_ost"
2011;974746948;30;34;"hoftebrudd_dekgrad_prim_hemi"
2011;974746948;48;64;"hoftebrudd_dekgrad_prim_ost"
2012;974746948;45;55;"hoftebrudd_dekgrad_prim_hemi"
2012;974746948;76;99;"hoftebrudd_dekgrad_prim_ost"
2013;974746948;32;43;"hoftebrudd_dekgrad_prim_hemi"
2013;974746948;68;89;"hoftebrudd_dekgrad_prim_ost"
2013;974746948;0;2;"hoftebrudd_dekgrad_prim_total"
2014;974746948;43;48;"hoftebrudd_dekgrad_prim_hemi"
2014;974746948;74;84;"hoftebrudd_dekgrad_prim_ost"
2014;974746948;5;9;"hoftebrudd_dekgrad_prim_total"
2015;974746948;49;51;"hoftebrudd_dekgrad_prim_hemi"
2015;974746948;69;79;"hoftebrudd_dekgrad_prim_ost"
2015;974746948;2;2;"hoftebrudd_dekgrad_prim_total"
2016;974746948;47;50;"hoftebrudd_dekgrad_prim_hemi"
2016;974746948;75;81;"hoftebrudd_dekgrad_prim_ost"
2016;974746948;7;9;"hoftebrudd_dekgrad_prim_total"
2017;974746948;43;44;"hoftebrudd_dekgrad_prim_hemi"
2017;974746948;82;87;"hoftebrudd_dekgrad_prim_ost"
2017;974746948;7;8;"hoftebrudd_dekgrad_prim_total"
2018;974746948;56;57;"hoftebrudd_dekgrad_prim_hemi"
2018;974746948;72;79;"hoftebrudd_dekgrad_prim_ost"
2018;974746948;17;18;"hoftebrudd_dekgrad_prim_total"
2008;974747138;48;53;"hoftebrudd_dekgrad_prim_hemi"
2008;974747138;116;146;"hoftebrudd_dekgrad_prim_ost"
2009;974747138;51;57;"hoftebrudd_dekgrad_prim_hemi"
2009;974747138;106;128;"hoftebrudd_dekgrad_prim_ost"
2010;974747138;74;77;"hoftebrudd_dekgrad_prim_hemi"
2010;974747138;123;133;"hoftebrudd_dekgrad_prim_ost"
2011;974747138;68;71;"hoftebrudd_dekgrad_prim_hemi"
2011;974747138;112;121;"hoftebrudd_dekgrad_prim_ost"
2012;974747138;59;59;"hoftebrudd_dekgrad_prim_hemi"
2012;974747138;126;140;"hoftebrudd_dekgrad_prim_ost"
2013;974747138;65;65;"hoftebrudd_dekgrad_prim_hemi"
2013;974747138;97;107;"hoftebrudd_dekgrad_prim_ost"
2013;974747138;3;3;"hoftebrudd_dekgrad_prim_total"
2014;974747138;77;80;"hoftebrudd_dekgrad_prim_hemi"
2014;974747138;86;103;"hoftebrudd_dekgrad_prim_ost"
2014;974747138;1;1;"hoftebrudd_dekgrad_prim_total"
2015;974747138;68;72;"hoftebrudd_dekgrad_prim_hemi"
2015;974747138;81;103;"hoftebrudd_dekgrad_prim_ost"
2015;974747138;3;4;"hoftebrudd_dekgrad_prim_total"
2016;974747138;74;80;"hoftebrudd_dekgrad_prim_hemi"
2016;974747138;70;90;"hoftebrudd_dekgrad_prim_ost"
2016;974747138;6;7;"hoftebrudd_dekgrad_prim_total"
2017;974747138;65;75;"hoftebrudd_dekgrad_prim_hemi"
2017;974747138;68;100;"hoftebrudd_dekgrad_prim_ost"
2017;974747138;3;3;"hoftebrudd_dekgrad_prim_total"
2018;974747138;88;98;"hoftebrudd_dekgrad_prim_hemi"
2018;974747138;58;94;"hoftebrudd_dekgrad_prim_ost"
2018;974747138;5;6;"hoftebrudd_dekgrad_prim_total"
2008;974747545;27;29;"hoftebrudd_dekgrad_prim_hemi"
2008;974747545;59;71;"hoftebrudd_dekgrad_prim_ost"
2009;974747545;26;27;"hoftebrudd_dekgrad_prim_hemi"
2009;974747545;53;59;"hoftebrudd_dekgrad_prim_ost"
2010;974747545;29;29;"hoftebrudd_dekgrad_prim_hemi"
2010;974747545;47;54;"hoftebrudd_dekgrad_prim_ost"
2011;974747545;29;32;"hoftebrudd_dekgrad_prim_hemi"
2011;974747545;65;72;"hoftebrudd_dekgrad_prim_ost"
2012;974747545;37;39;"hoftebrudd_dekgrad_prim_hemi"
2012;974747545;61;66;"hoftebrudd_dekgrad_prim_ost"
2013;974747545;38;38;"hoftebrudd_dekgrad_prim_hemi"
2013;974747545;65;70;"hoftebrudd_dekgrad_prim_ost"
2014;974747545;36;37;"hoftebrudd_dekgrad_prim_hemi"
2014;974747545;61;63;"hoftebrudd_dekgrad_prim_ost"
2014;974747545;1;1;"hoftebrudd_dekgrad_prim_total"
2015;974747545;36;36;"hoftebrudd_dekgrad_prim_hemi"
2015;974747545;57;61;"hoftebrudd_dekgrad_prim_ost"
2015;974747545;1;1;"hoftebrudd_dekgrad_prim_total"
2016;974747545;42;42;"hoftebrudd_dekgrad_prim_hemi"
2016;974747545;58;60;"hoftebrudd_dekgrad_prim_ost"
2016;974747545;3;3;"hoftebrudd_dekgrad_prim_total"
2017;974747545;46;46;"hoftebrudd_dekgrad_prim_hemi"
2017;974747545;63;68;"hoftebrudd_dekgrad_prim_ost"
2017;974747545;1;1;"hoftebrudd_dekgrad_prim_total"
2018;974747545;41;41;"hoftebrudd_dekgrad_prim_hemi"
2018;974747545;54;56;"hoftebrudd_dekgrad_prim_ost"
2008;974749025;115;144;"hoftebrudd_dekgrad_prim_hemi"
2008;974749025;168;280;"hoftebrudd_dekgrad_prim_ost"
2009;974749025;141;160;"hoftebrudd_dekgrad_prim_hemi"
2009;974749025;199;283;"hoftebrudd_dekgrad_prim_ost"
2010;974749025;116;130;"hoftebrudd_dekgrad_prim_hemi"
2010;974749025;170;236;"hoftebrudd_dekgrad_prim_ost"
2011;974749025;143;157;"hoftebrudd_dekgrad_prim_hemi"
2011;974749025;224;268;"hoftebrudd_dekgrad_prim_ost"
2012;974749025;143;160;"hoftebrudd_dekgrad_prim_hemi"
2012;974749025;187;238;"hoftebrudd_dekgrad_prim_ost"
2013;974749025;139;160;"hoftebrudd_dekgrad_prim_hemi"
2013;974749025;167;221;"hoftebrudd_dekgrad_prim_ost"
2013;974749025;22;26;"hoftebrudd_dekgrad_prim_total"
2014;974749025;162;178;"hoftebrudd_dekgrad_prim_hemi"
2014;974749025;158;210;"hoftebrudd_dekgrad_prim_ost"
2014;974749025;25;27;"hoftebrudd_dekgrad_prim_total"
2015;974749025;137;166;"hoftebrudd_dekgrad_prim_hemi"
2015;974749025;165;229;"hoftebrudd_dekgrad_prim_ost"
2015;974749025;24;29;"hoftebrudd_dekgrad_prim_total"
2016;974749025;143;158;"hoftebrudd_dekgrad_prim_hemi"
2016;974749025;160;207;"hoftebrudd_dekgrad_prim_ost"
2016;974749025;22;25;"hoftebrudd_dekgrad_prim_total"
2017;974749025;120;145;"hoftebrudd_dekgrad_prim_hemi"
2017;974749025;144;212;"hoftebrudd_dekgrad_prim_ost"
2017;974749025;18;22;"hoftebrudd_dekgrad_prim_total"
2018;974749025;145;167;"hoftebrudd_dekgrad_prim_hemi"
2018;974749025;147;222;"hoftebrudd_dekgrad_prim_ost"
2018;974749025;27;30;"hoftebrudd_dekgrad_prim_total"
2008;974749505;3;3;"hoftebrudd_dekgrad_prim_hemi"
2008;974749505;8;9;"hoftebrudd_dekgrad_prim_ost"
2009;974749505;1;1;"hoftebrudd_dekgrad_prim_hemi"
2009;974749505;7;9;"hoftebrudd_dekgrad_prim_ost"
2010;974749505;2;2;"hoftebrudd_dekgrad_prim_hemi"
2010;974749505;4;4;"hoftebrudd_dekgrad_prim_ost"
2011;974749505;0;1;"hoftebrudd_dekgrad_prim_ost"
2008;974753898;20;22;"hoftebrudd_dekgrad_prim_hemi"
2008;974753898;79;96;"hoftebrudd_dekgrad_prim_ost"
2009;974753898;21;22;"hoftebrudd_dekgrad_prim_hemi"
2009;974753898;46;64;"hoftebrudd_dekgrad_prim_ost"
2010;974753898;24;24;"hoftebrudd_dekgrad_prim_hemi"
2010;974753898;46;60;"hoftebrudd_dekgrad_prim_ost"
2011;974753898;28;30;"hoftebrudd_dekgrad_prim_hemi"
2011;974753898;33;54;"hoftebrudd_dekgrad_prim_ost"
2012;974753898;23;24;"hoftebrudd_dekgrad_prim_hemi"
2012;974753898;48;54;"hoftebrudd_dekgrad_prim_ost"
2013;974753898;23;23;"hoftebrudd_dekgrad_prim_hemi"
2013;974753898;49;65;"hoftebrudd_dekgrad_prim_ost"
2013;974753898;0;1;"hoftebrudd_dekgrad_prim_total"
2014;974753898;17;17;"hoftebrudd_dekgrad_prim_hemi"
2014;974753898;63;69;"hoftebrudd_dekgrad_prim_ost"
2014;974753898;2;2;"hoftebrudd_dekgrad_prim_total"
2015;974753898;15;16;"hoftebrudd_dekgrad_prim_hemi"
2015;974753898;56;64;"hoftebrudd_dekgrad_prim_ost"
2016;974753898;13;13;"hoftebrudd_dekgrad_prim_hemi"
2016;974753898;53;59;"hoftebrudd_dekgrad_prim_ost"
2016;974753898;3;3;"hoftebrudd_dekgrad_prim_total"
2017;974753898;22;22;"hoftebrudd_dekgrad_prim_hemi"
2017;974753898;49;54;"hoftebrudd_dekgrad_prim_ost"
2017;974753898;1;1;"hoftebrudd_dekgrad_prim_total"
2018;974753898;35;36;"hoftebrudd_dekgrad_prim_hemi"
2018;974753898;51;58;"hoftebrudd_dekgrad_prim_ost"
2018;974753898;2;3;"hoftebrudd_dekgrad_prim_total"
2008;974754118;37;42;"hoftebrudd_dekgrad_prim_hemi"
2008;974754118;109;125;"hoftebrudd_dekgrad_prim_ost"
2009;974754118;69;75;"hoftebrudd_dekgrad_prim_hemi"
2009;974754118;101;112;"hoftebrudd_dekgrad_prim_ost"
2010;974754118;72;73;"hoftebrudd_dekgrad_prim_hemi"
2010;974754118;103;120;"hoftebrudd_dekgrad_prim_ost"
2011;974754118;52;54;"hoftebrudd_dekgrad_prim_hemi"
2011;974754118;113;119;"hoftebrudd_dekgrad_prim_ost"
2012;974754118;42;44;"hoftebrudd_dekgrad_prim_hemi"
2012;974754118;95;113;"hoftebrudd_dekgrad_prim_ost"
2013;974754118;57;58;"hoftebrudd_dekgrad_prim_hemi"
2013;974754118;107;124;"hoftebrudd_dekgrad_prim_ost"
2013;974754118;2;2;"hoftebrudd_dekgrad_prim_total"
2014;974754118;60;61;"hoftebrudd_dekgrad_prim_hemi"
2014;974754118;100;109;"hoftebrudd_dekgrad_prim_ost"
2014;974754118;4;5;"hoftebrudd_dekgrad_prim_total"
2015;974754118;66;68;"hoftebrudd_dekgrad_prim_hemi"
2015;974754118;110;115;"hoftebrudd_dekgrad_prim_ost"
2015;974754118;2;2;"hoftebrudd_dekgrad_prim_total"
2016;974754118;90;90;"hoftebrudd_dekgrad_prim_hemi"
2016;974754118;105;112;"hoftebrudd_dekgrad_prim_ost"
2016;974754118;3;3;"hoftebrudd_dekgrad_prim_total"
2017;974754118;77;77;"hoftebrudd_dekgrad_prim_hemi"
2017;974754118;97;101;"hoftebrudd_dekgrad_prim_ost"
2017;974754118;1;2;"hoftebrudd_dekgrad_prim_total"
2018;974754118;66;66;"hoftebrudd_dekgrad_prim_hemi"
2018;974754118;99;100;"hoftebrudd_dekgrad_prim_ost"
2018;974754118;14;14;"hoftebrudd_dekgrad_prim_total"
2008;974795361;61;67;"hoftebrudd_dekgrad_prim_hemi"
2008;974795361;77;110;"hoftebrudd_dekgrad_prim_ost"
2009;974795361;66;67;"hoftebrudd_dekgrad_prim_hemi"
2009;974795361;86;104;"hoftebrudd_dekgrad_prim_ost"
2010;974795361;48;50;"hoftebrudd_dekgrad_prim_hemi"
2010;974795361;83;95;"hoftebrudd_dekgrad_prim_ost"
2011;974795361;60;61;"hoftebrudd_dekgrad_prim_hemi"
2011;974795361;98;109;"hoftebrudd_dekgrad_prim_ost"
2012;974795361;74;77;"hoftebrudd_dekgrad_prim_hemi"
2012;974795361;115;125;"hoftebrudd_dekgrad_prim_ost"
2013;974795361;60;64;"hoftebrudd_dekgrad_prim_hemi"
2013;974795361;100;126;"hoftebrudd_dekgrad_prim_ost"
2013;974795361;6;10;"hoftebrudd_dekgrad_prim_total"
2014;974795361;69;71;"hoftebrudd_dekgrad_prim_hemi"
2014;974795361;88;107;"hoftebrudd_dekgrad_prim_ost"
2014;974795361;6;8;"hoftebrudd_dekgrad_prim_total"
2015;974795361;70;73;"hoftebrudd_dekgrad_prim_hemi"
2015;974795361;81;106;"hoftebrudd_dekgrad_prim_ost"
2015;974795361;6;7;"hoftebrudd_dekgrad_prim_total"
2016;974795361;93;94;"hoftebrudd_dekgrad_prim_hemi"
2016;974795361;106;117;"hoftebrudd_dekgrad_prim_ost"
2016;974795361;6;7;"hoftebrudd_dekgrad_prim_total"
2017;974795361;71;72;"hoftebrudd_dekgrad_prim_hemi"
2017;974795361;94;105;"hoftebrudd_dekgrad_prim_ost"
2017;974795361;5;5;"hoftebrudd_dekgrad_prim_total"
2018;974795361;74;74;"hoftebrudd_dekgrad_prim_hemi"
2018;974795361;105;111;"hoftebrudd_dekgrad_prim_ost"
2018;974795361;7;8;"hoftebrudd_dekgrad_prim_total"
2008;974795396;8;9;"hoftebrudd_dekgrad_prim_hemi"
2008;974795396;69;76;"hoftebrudd_dekgrad_prim_ost"
2010;974795396;7;9;"hoftebrudd_dekgrad_prim_hemi"
2010;974795396;51;56;"hoftebrudd_dekgrad_prim_ost"
2011;974795396;8;8;"hoftebrudd_dekgrad_prim_hemi"
2011;974795396;48;54;"hoftebrudd_dekgrad_prim_ost"
2012;974795396;9;10;"hoftebrudd_dekgrad_prim_hemi"
2012;974795396;36;39;"hoftebrudd_dekgrad_prim_ost"
2013;974795396;4;6;"hoftebrudd_dekgrad_prim_hemi"
2013;974795396;32;40;"hoftebrudd_dekgrad_prim_ost"
2013;974795396;1;1;"hoftebrudd_dekgrad_prim_total"
2014;974795396;5;5;"hoftebrudd_dekgrad_prim_hemi"
2014;974795396;23;32;"hoftebrudd_dekgrad_prim_ost"
2014;974795396;1;3;"hoftebrudd_dekgrad_prim_total"
2015;974795396;2;2;"hoftebrudd_dekgrad_prim_hemi"
2015;974795396;20;24;"hoftebrudd_dekgrad_prim_ost"
2016;974795396;2;2;"hoftebrudd_dekgrad_prim_hemi"
2016;974795396;8;8;"hoftebrudd_dekgrad_prim_ost"
2016;974795396;2;2;"hoftebrudd_dekgrad_prim_total"
2017;974795396;4;4;"hoftebrudd_dekgrad_prim_hemi"
2017;974795396;9;21;"hoftebrudd_dekgrad_prim_ost"
2017;974795396;3;4;"hoftebrudd_dekgrad_prim_total"
2018;974795396;11;11;"hoftebrudd_dekgrad_prim_hemi"
2018;974795396;14;25;"hoftebrudd_dekgrad_prim_ost"
2018;974795396;3;3;"hoftebrudd_dekgrad_prim_total"
2008;974795477;4;4;"hoftebrudd_dekgrad_prim_hemi"
2008;974795477;19;30;"hoftebrudd_dekgrad_prim_ost"
2009;974795477;2;3;"hoftebrudd_dekgrad_prim_hemi"
2009;974795477;24;29;"hoftebrudd_dekgrad_prim_ost"
2010;974795477;3;3;"hoftebrudd_dekgrad_prim_hemi"
2010;974795477;14;19;"hoftebrudd_dekgrad_prim_ost"
2011;974795477;1;1;"hoftebrudd_dekgrad_prim_hemi"
2011;974795477;7;9;"hoftebrudd_dekgrad_prim_ost"
2012;974795477;1;1;"hoftebrudd_dekgrad_prim_hemi"
2012;974795477;6;12;"hoftebrudd_dekgrad_prim_ost"
2013;974795477;9;11;"hoftebrudd_dekgrad_prim_ost"
2014;974795477;3;8;"hoftebrudd_dekgrad_prim_ost"
2015;974795477;2;2;"hoftebrudd_dekgrad_prim_ost"
2008;974795515;23;23;"hoftebrudd_dekgrad_prim_hemi"
2008;974795515;44;74;"hoftebrudd_dekgrad_prim_ost"
2009;974795515;25;31;"hoftebrudd_dekgrad_prim_hemi"
2009;974795515;46;83;"hoftebrudd_dekgrad_prim_ost"
2010;974795515;26;30;"hoftebrudd_dekgrad_prim_hemi"
2010;974795515;51;86;"hoftebrudd_dekgrad_prim_ost"
2011;974795515;30;33;"hoftebrudd_dekgrad_prim_hemi"
2011;974795515;67;103;"hoftebrudd_dekgrad_prim_ost"
2012;974795515;29;34;"hoftebrudd_dekgrad_prim_hemi"
2012;974795515;75;102;"hoftebrudd_dekgrad_prim_ost"
2013;974795515;32;34;"hoftebrudd_dekgrad_prim_hemi"
2013;974795515;65;96;"hoftebrudd_dekgrad_prim_ost"
2013;974795515;2;5;"hoftebrudd_dekgrad_prim_total"
2014;974795515;27;30;"hoftebrudd_dekgrad_prim_hemi"
2014;974795515;66;99;"hoftebrudd_dekgrad_prim_ost"
2014;974795515;2;9;"hoftebrudd_dekgrad_prim_total"
2015;974795515;34;38;"hoftebrudd_dekgrad_prim_hemi"
2015;974795515;73;112;"hoftebrudd_dekgrad_prim_ost"
2015;974795515;10;18;"hoftebrudd_dekgrad_prim_total"
2016;974795515;39;42;"hoftebrudd_dekgrad_prim_hemi"
2016;974795515;76;110;"hoftebrudd_dekgrad_prim_ost"
2016;974795515;8;12;"hoftebrudd_dekgrad_prim_total"
2017;974795515;41;46;"hoftebrudd_dekgrad_prim_hemi"
2017;974795515;72;96;"hoftebrudd_dekgrad_prim_ost"
2017;974795515;14;16;"hoftebrudd_dekgrad_prim_total"
2018;974795515;50;53;"hoftebrudd_dekgrad_prim_hemi"
2018;974795515;90;106;"hoftebrudd_dekgrad_prim_ost"
2018;974795515;14;16;"hoftebrudd_dekgrad_prim_total"
2008;974795558;5;7;"hoftebrudd_dekgrad_prim_hemi"
2008;974795558;29;35;"hoftebrudd_dekgrad_prim_ost"
2009;974795558;4;6;"hoftebrudd_dekgrad_prim_hemi"
2009;974795558;29;33;"hoftebrudd_dekgrad_prim_ost"
2010;974795558;16;16;"hoftebrudd_dekgrad_prim_hemi"
2010;974795558;29;32;"hoftebrudd_dekgrad_prim_ost"
2011;974795558;16;18;"hoftebrudd_dekgrad_prim_hemi"
2011;974795558;21;25;"hoftebrudd_dekgrad_prim_ost"
2012;974795558;16;16;"hoftebrudd_dekgrad_prim_hemi"
2012;974795558;22;30;"hoftebrudd_dekgrad_prim_ost"
2013;974795558;12;12;"hoftebrudd_dekgrad_prim_hemi"
2013;974795558;26;30;"hoftebrudd_dekgrad_prim_ost"
2014;974795558;7;9;"hoftebrudd_dekgrad_prim_hemi"
2014;974795558;14;18;"hoftebrudd_dekgrad_prim_ost"
2014;974795558;1;1;"hoftebrudd_dekgrad_prim_total"
2015;974795558;4;4;"hoftebrudd_dekgrad_prim_hemi"
2015;974795558;19;26;"hoftebrudd_dekgrad_prim_ost"
2015;974795558;2;2;"hoftebrudd_dekgrad_prim_total"
2016;974795558;9;9;"hoftebrudd_dekgrad_prim_hemi"
2016;974795558;5;19;"hoftebrudd_dekgrad_prim_ost"
2016;974795558;2;2;"hoftebrudd_dekgrad_prim_total"
2017;974795558;11;13;"hoftebrudd_dekgrad_prim_hemi"
2017;974795558;6;22;"hoftebrudd_dekgrad_prim_ost"
2017;974795558;1;1;"hoftebrudd_dekgrad_prim_total"
2018;974795558;15;15;"hoftebrudd_dekgrad_prim_hemi"
2018;974795558;14;23;"hoftebrudd_dekgrad_prim_ost"
2008;974795574;23;25;"hoftebrudd_dekgrad_prim_hemi"
2008;974795574;42;49;"hoftebrudd_dekgrad_prim_ost"
2009;974795574;24;24;"hoftebrudd_dekgrad_prim_hemi"
2009;974795574;44;53;"hoftebrudd_dekgrad_prim_ost"
2010;974795574;15;16;"hoftebrudd_dekgrad_prim_hemi"
2010;974795574;48;53;"hoftebrudd_dekgrad_prim_ost"
2011;974795574;16;17;"hoftebrudd_dekgrad_prim_hemi"
2011;974795574;40;44;"hoftebrudd_dekgrad_prim_ost"
2012;974795574;22;22;"hoftebrudd_dekgrad_prim_hemi"
2012;974795574;36;40;"hoftebrudd_dekgrad_prim_ost"
2013;974795574;28;28;"hoftebrudd_dekgrad_prim_hemi"
2013;974795574;25;25;"hoftebrudd_dekgrad_prim_ost"
2013;974795574;9;9;"hoftebrudd_dekgrad_prim_total"
2014;974795574;18;20;"hoftebrudd_dekgrad_prim_hemi"
2014;974795574;23;26;"hoftebrudd_dekgrad_prim_ost"
2014;974795574;3;3;"hoftebrudd_dekgrad_prim_total"
2015;974795574;19;19;"hoftebrudd_dekgrad_prim_hemi"
2015;974795574;34;38;"hoftebrudd_dekgrad_prim_ost"
2015;974795574;2;2;"hoftebrudd_dekgrad_prim_total"
2016;974795574;22;22;"hoftebrudd_dekgrad_prim_hemi"
2016;974795574;25;29;"hoftebrudd_dekgrad_prim_ost"
2016;974795574;2;2;"hoftebrudd_dekgrad_prim_total"
2017;974795574;13;15;"hoftebrudd_dekgrad_prim_hemi"
2017;974795574;20;24;"hoftebrudd_dekgrad_prim_ost"
2017;974795574;1;2;"hoftebrudd_dekgrad_prim_total"
2018;974795574;21;21;"hoftebrudd_dekgrad_prim_hemi"
2018;974795574;34;35;"hoftebrudd_dekgrad_prim_ost"
2018;974795574;6;6;"hoftebrudd_dekgrad_prim_total"
2008;974795639;45;45;"hoftebrudd_dekgrad_prim_hemi"
2008;974795639;57;62;"hoftebrudd_dekgrad_prim_ost"
2010;974795639;32;34;"hoftebrudd_dekgrad_prim_hemi"
2010;974795639;86;87;"hoftebrudd_dekgrad_prim_ost"
2011;974795639;51;52;"hoftebrudd_dekgrad_prim_hemi"
2011;974795639;91;94;"hoftebrudd_dekgrad_prim_ost"
2012;974795639;35;37;"hoftebrudd_dekgrad_prim_hemi"
2012;974795639;83;90;"hoftebrudd_dekgrad_prim_ost"
2013;974795639;48;48;"hoftebrudd_dekgrad_prim_hemi"
2013;974795639;74;76;"hoftebrudd_dekgrad_prim_ost"
2013;974795639;1;1;"hoftebrudd_dekgrad_prim_total"
2014;974795639;39;39;"hoftebrudd_dekgrad_prim_hemi"
2014;974795639;99;101;"hoftebrudd_dekgrad_prim_ost"
2014;974795639;3;3;"hoftebrudd_dekgrad_prim_total"
2015;974795639;59;60;"hoftebrudd_dekgrad_prim_hemi"
2015;974795639;110;112;"hoftebrudd_dekgrad_prim_ost"
2015;974795639;1;1;"hoftebrudd_dekgrad_prim_total"
2016;974795639;77;77;"hoftebrudd_dekgrad_prim_hemi"
2016;974795639;106;106;"hoftebrudd_dekgrad_prim_ost"
2016;974795639;3;3;"hoftebrudd_dekgrad_prim_total"
2017;974795639;63;63;"hoftebrudd_dekgrad_prim_hemi"
2017;974795639;106;108;"hoftebrudd_dekgrad_prim_ost"
2017;974795639;8;9;"hoftebrudd_dekgrad_prim_total"
2018;974795639;45;45;"hoftebrudd_dekgrad_prim_hemi"
2018;974795639;68;68;"hoftebrudd_dekgrad_prim_ost"
2018;974795639;9;9;"hoftebrudd_dekgrad_prim_total"
2008;974795787;40;43;"hoftebrudd_dekgrad_prim_hemi"
2008;974795787;108;133;"hoftebrudd_dekgrad_prim_ost"
2010;974795787;41;41;"hoftebrudd_dekgrad_prim_hemi"
2010;974795787;102;119;"hoftebrudd_dekgrad_prim_ost"
2011;974795787;45;52;"hoftebrudd_dekgrad_prim_hemi"
2011;974795787;101;137;"hoftebrudd_dekgrad_prim_ost"
2012;974795787;56;60;"hoftebrudd_dekgrad_prim_hemi"
2012;974795787;111;143;"hoftebrudd_dekgrad_prim_ost"
2013;974795787;35;38;"hoftebrudd_dekgrad_prim_hemi"
2013;974795787;97;127;"hoftebrudd_dekgrad_prim_ost"
2013;974795787;4;4;"hoftebrudd_dekgrad_prim_total"
2014;974795787;36;37;"hoftebrudd_dekgrad_prim_hemi"
2014;974795787;75;108;"hoftebrudd_dekgrad_prim_ost"
2014;974795787;2;2;"hoftebrudd_dekgrad_prim_total"
2015;974795787;46;51;"hoftebrudd_dekgrad_prim_hemi"
2015;974795787;87;108;"hoftebrudd_dekgrad_prim_ost"
2015;974795787;3;3;"hoftebrudd_dekgrad_prim_total"
2016;974795787;39;39;"hoftebrudd_dekgrad_prim_hemi"
2016;974795787;78;78;"hoftebrudd_dekgrad_prim_ost"
2016;974795787;1;1;"hoftebrudd_dekgrad_prim_total"
2017;974795787;36;36;"hoftebrudd_dekgrad_prim_hemi"
2017;974795787;79;108;"hoftebrudd_dekgrad_prim_ost"
2017;974795787;5;6;"hoftebrudd_dekgrad_prim_total"
2018;974795787;64;66;"hoftebrudd_dekgrad_prim_hemi"
2018;974795787;81;93;"hoftebrudd_dekgrad_prim_ost"
2018;974795787;13;13;"hoftebrudd_dekgrad_prim_total"
2008;974795833;36;38;"hoftebrudd_dekgrad_prim_hemi"
2008;974795833;37;55;"hoftebrudd_dekgrad_prim_ost"
2009;974795833;26;27;"hoftebrudd_dekgrad_prim_hemi"
2009;974795833;34;44;"hoftebrudd_dekgrad_prim_ost"
2010;974795833;20;20;"hoftebrudd_dekgrad_prim_hemi"
2010;974795833;42;54;"hoftebrudd_dekgrad_prim_ost"
2011;974795833;21;23;"hoftebrudd_dekgrad_prim_hemi"
2011;974795833;34;48;"hoftebrudd_dekgrad_prim_ost"
2012;974795833;19;21;"hoftebrudd_dekgrad_prim_hemi"
2012;974795833;35;46;"hoftebrudd_dekgrad_prim_ost"
2013;974795833;20;21;"hoftebrudd_dekgrad_prim_hemi"
2013;974795833;45;51;"hoftebrudd_dekgrad_prim_ost"
2014;974795833;25;25;"hoftebrudd_dekgrad_prim_hemi"
2014;974795833;44;49;"hoftebrudd_dekgrad_prim_ost"
2014;974795833;3;3;"hoftebrudd_dekgrad_prim_total"
2015;974795833;20;21;"hoftebrudd_dekgrad_prim_hemi"
2015;974795833;33;42;"hoftebrudd_dekgrad_prim_ost"
2015;974795833;2;2;"hoftebrudd_dekgrad_prim_total"
2016;974795833;21;22;"hoftebrudd_dekgrad_prim_hemi"
2016;974795833;31;31;"hoftebrudd_dekgrad_prim_ost"
2016;974795833;3;3;"hoftebrudd_dekgrad_prim_total"
2017;974795833;17;17;"hoftebrudd_dekgrad_prim_hemi"
2017;974795833;38;46;"hoftebrudd_dekgrad_prim_ost"
2017;974795833;3;4;"hoftebrudd_dekgrad_prim_total"
2018;974795833;16;20;"hoftebrudd_dekgrad_prim_hemi"
2018;974795833;58;68;"hoftebrudd_dekgrad_prim_ost"
2018;974795833;2;5;"hoftebrudd_dekgrad_prim_total"
2008;974795930;11;12;"hoftebrudd_dekgrad_prim_hemi"
2008;974795930;1;12;"hoftebrudd_dekgrad_prim_ost"
2009;974795930;13;14;"hoftebrudd_dekgrad_prim_hemi"
2009;974795930;21;28;"hoftebrudd_dekgrad_prim_ost"
2010;974795930;7;8;"hoftebrudd_dekgrad_prim_hemi"
2010;974795930;15;21;"hoftebrudd_dekgrad_prim_ost"
2011;974795930;11;13;"hoftebrudd_dekgrad_prim_hemi"
2011;974795930;16;21;"hoftebrudd_dekgrad_prim_ost"
2012;974795930;11;11;"hoftebrudd_dekgrad_prim_hemi"
2012;974795930;14;24;"hoftebrudd_dekgrad_prim_ost"
2013;974795930;7;9;"hoftebrudd_dekgrad_prim_hemi"
2013;974795930;11;25;"hoftebrudd_dekgrad_prim_ost"
2013;974795930;3;4;"hoftebrudd_dekgrad_prim_total"
2014;974795930;11;14;"hoftebrudd_dekgrad_prim_hemi"
2014;974795930;9;23;"hoftebrudd_dekgrad_prim_ost"
2014;974795930;3;4;"hoftebrudd_dekgrad_prim_total"
2015;974795930;13;17;"hoftebrudd_dekgrad_prim_hemi"
2015;974795930;14;37;"hoftebrudd_dekgrad_prim_ost"
2015;974795930;1;1;"hoftebrudd_dekgrad_prim_total"
2016;974795930;8;10;"hoftebrudd_dekgrad_prim_hemi"
2016;974795930;9;20;"hoftebrudd_dekgrad_prim_ost"
2016;974795930;2;2;"hoftebrudd_dekgrad_prim_total"
2017;974795930;13;13;"hoftebrudd_dekgrad_prim_hemi"
2017;974795930;14;33;"hoftebrudd_dekgrad_prim_ost"
2017;974795930;1;3;"hoftebrudd_dekgrad_prim_total"
2018;974795930;5;8;"hoftebrudd_dekgrad_prim_hemi"
2018;974795930;6;29;"hoftebrudd_dekgrad_prim_ost"
2008;974798379;6;8;"hoftebrudd_dekgrad_prim_hemi"
2008;974798379;1;19;"hoftebrudd_dekgrad_prim_ost"
2009;974798379;7;8;"hoftebrudd_dekgrad_prim_hemi"
2009;974798379;8;19;"hoftebrudd_dekgrad_prim_ost"
2010;974798379;10;10;"hoftebrudd_dekgrad_prim_hemi"
2010;974798379;9;21;"hoftebrudd_dekgrad_prim_ost"
2011;974798379;6;6;"hoftebrudd_dekgrad_prim_hemi"
2011;974798379;27;28;"hoftebrudd_dekgrad_prim_ost"
2012;974798379;9;10;"hoftebrudd_dekgrad_prim_hemi"
2012;974798379;28;31;"hoftebrudd_dekgrad_prim_ost"
2013;974798379;11;11;"hoftebrudd_dekgrad_prim_hemi"
2013;974798379;22;33;"hoftebrudd_dekgrad_prim_ost"
2014;974798379;4;4;"hoftebrudd_dekgrad_prim_hemi"
2014;974798379;12;16;"hoftebrudd_dekgrad_prim_ost"
2008;983971652;7;8;"hoftebrudd_dekgrad_prim_hemi"
2008;983971652;316;355;"hoftebrudd_dekgrad_prim_ost"
2009;983971652;21;24;"hoftebrudd_dekgrad_prim_hemi"
2009;983971652;337;358;"hoftebrudd_dekgrad_prim_ost"
2010;983971652;17;18;"hoftebrudd_dekgrad_prim_hemi"
2010;983971652;301;317;"hoftebrudd_dekgrad_prim_ost"
2011;983971652;4;6;"hoftebrudd_dekgrad_prim_hemi"
2011;983971652;71;75;"hoftebrudd_dekgrad_prim_ost"
2016;983971652;0;1;"hoftebrudd_dekgrad_prim_hemi"
