"IndID";"Register";"IndTittel";"IndNavn";"MaalNivaaGronn";"MaalNivaaGul";"MaalRetn";"BeskrivelseKort";"BeskrivelseLang"
"intensiv1";"intensiv";"Ny innlegging innan 72 timar";"reinn";0,04;0,04;0;"Reinnleggelser på intensivavd. (innen 72t) uten overflyttede pasienter";"Reinnleggelser på intensivavd. (innen 72t) uten overflyttede pasienter"
"intensiv2";"intensiv";"Invasiv ventilasjon (inkl. overførte pasienter)";"respiratortidInvMoverf";NA;NA;0;"Respiratortid er den tida pasienten får pustehjelp frå ein respirator via eit pusterøyr i eit lukka system. Målet er at minst halvdelen av slike opphaold skal ha respiratortid under 2,5 døger. (Median respiratortid < 2,5 døger)";NA
"nakke1";"nkr_nakke";"Svelgevansker, 3 måneder etter fremre nakkekirurgi";"KomplSvelging3mnd";0,17;0,17;0;"Ubehag ved svelging av mat og drikke etter fremre nakkekirurgi (hudåpning på halsen), , ikke-myelopati.";"Den hyppigste komplikasjonen etter fremre nakkekirurgi (hudåpning med arr på halsen) er svelgevansker. Dette kan skyldes arrvev og trykk på spiserør og nerver, spesielt ved langvarig operasjon. Figuren viser andel av pasienter som har svart ja på følgende spørsmål:
«Har du etter operasjonen hatt vedvarende ubehag ved svelging av mat og drikke?»"
"nakke2";"nkr_nakke";"Stemmevansker, 3 måneder etter fremre nakkekirurgi";"KomplStemme3mnd";0,1;0,1;0;"Heshet og/eller svak stemme etter fremre nakkekirurgi (hudåpning på halsen), ikke-myelopati.";"Den nest vanligste komplikasjon etter fremre nakkekirurgi (hudåpning med arr på halsen) er stemmevansker. Dette kan skyldes arrvev og trykk mot strupen/luftrør og nerver, spesielt ved langvarig operasjon. Indikatoren angi andel av pasienter som har svart ja på spørsmålet «Har du etter operasjonen hatt vedvarende problemer med stemmen din (for eksempel heshet/svak stemme?»"
"nakke3";"nkr_nakke";"Sårinfeksjon, 3 måneder etter nakkekirurgi";"Komplinfek";0,02;0,02;0;"Sårinfeksjon etter alle typer nakkekirurgi.";"Sårinfeksjon er sjelden etter nakkekirurgi med fremre tilgang, men hyppigere ved bakre tilgang (hudåpning bak i nakken). Årsakene er komplekse og kan henge sammen med pasientens alder, allmenntilstand og bruk av medisiner. Lang operasjonstid, bruk av forebyggende antibiotika og hygienetiltak kan være av betydning. Figuren viser andel pasienter som har svart ja på følgende spørsmål: «Ble du behandlet med antibiotika for overfladisk sårinfeksjon i operasjonssåret de første 4 ukene etter operasjonen» og «Har du blitt eller blir du behandlet i over 6 uker med antibiotika for dyp infeksjon i operasjonssåret?» Pasienter som er operert med fremre eller bakre tilgang har svart.
"
"nakke4";"nkr_nakke";"NDI-endring, 12 måneder etter nakkekirurgi";"NDIendr12mnd35pstKI";0,7;0,7;1;"NDI-endring, 12 måneder etter fremre nakkekirurgi (hudåpning på halsen).";"Inkluderer pasienter både med og uten myelopati."
"muskel1";"muskel";"Andel pasienter med fastsatt diagnose under ett år etter utredningsstart";"ind1_diagnoseinneetaar_Muskel";0,8;0,8;0;"Kort tid fra utredning starter til diagnose er stilt er viktig for å sikre optimal oppfølging og behandling.";"Å redusere utredningstiden er viktig for å sikre optimal oppfølging og kan være avgjørende for tilgang til behandlinger når dette er tilgjengelig. Avklaring er dessuten viktig for å iverksette sosiale støtteordninger og for inkludering i kliniske studier. Tiden vil være begrenset av infrastruktur i helsesystemet i form av kapasitet (personell og tidkrevende DNA-diagnostikk) og kompetanse. Kort tid er uttrykk for et kvalifisert og målrettet utredningsforløp. Nevromuskulær sykdom er et spesialisert felt som ofte innebærer at pasienten må innom både spesialisthelsetjenesten lokalt og et eller flere universitetssykehus."
"muskel2";"muskel";"Andel pasienter som får genetisk bekreftet diagnose for arvelige myopatier";"ind2_genetisk_myopatier_Muskel";0,7;0,7;0;"Genetisk avklaring er viktig for å få bekreftet diagnosen, for å få tilgang til genetisk veiledning, eventuell kausal behandling, kliniske studier/forsøk, og for å få en mer nøyaktig prognose.";"Høy andel genetisk avklarte er viktig for å kunne studere sykdommene på mutasjonsnivå, både forekomst og naturlig sykdomsforløp. Kunnskap om sykdomsforløp er en forutsetning for å kunne gjøre kliniske forsøk og dermed for å utvikle medisinsk behandling. Hvor mange som per i dag kan få en genetisk verifisert diagnose avhenger av kompetanse, tilgjengelighet til DNA-diagnostikk, den medisinske kunnskapsutviklingen, og diagnose. For mange av diagnosene er ikke den genetiske årsaken avdekket ennå. Dette målet egner seg best for å se på utvikling over tid og til å sammenlikne oss med utlandet der slike studier foreligger. Det er mindre egnet til å sammenlikne geografiske regioner innad i landet, da dekningsgraden er begrenset og ujevn, og da forekomst av ulike genetiske tilstander varierer."
"muskel3";"muskel";"Andel pasienter som får genetisk bekreftet diagnose for CMT";"ind3_genetisk_CMT_Muskel";0,4;0,4;0;"Genetisk avklaring er viktig for å få bekreftet diagnosen, for å få tilgang til genetisk veiledning, eventuell kausal behandling, kliniske studier/forsøk, og for å få en mer nøyaktig prognose.";"Høy andel genetisk avklarte er viktig for å kunne studere sykdommene på mutasjonsnivå, både forekomst og naturlig sykdomsforløp. Kunnskap om sykdomsforløp er en forutsetning for å kunne gjøre kliniske forsøk og dermed for å utvikle medisinsk behandling. Hvor mange som per i dag kan få en genetisk verifisert diagnose avhenger av kompetanse, tilgjengelighet til DNA-diagnostikk, den medisinske kunnskapsutviklingen, og diagnose. For mange av diagnosene er ikke den genetiske årsaken avdekket ennå. Dette målet egner seg best for å se på utvikling over tid og til å sammenlikne oss med utlandet der slike studier foreligger. Det er mindre egnet til å sammenlikne geografiske regioner innad i landet, da dekningsgraden er begrenset og ujevn, og da forekomst av ulike genetiske tilstander varierer."
"muskel4";"muskel";"Andel pasienter som får genetisk bekreftet diagnose for SMA type 1-4";"ind4_genetisk_SMA type1-4_Muskel";0,9;0,9;0;"Genetisk avklaring er viktig for å få bekreftet diagnosen, for å få tilgang til genetisk veiledning, eventuell kausal behandling, kliniske studier/forsøk, og for å få en mer nøyaktig prognose.";"Høy andel genetisk avklarte er viktig for å kunne studere sykdommene på mutasjonsnivå, både forekomst og naturlig sykdomsforløp. Kunnskap om sykdomsforløp er en forutsetning for å kunne gjøre kliniske forsøk og dermed for å utvikle medisinsk behandling. Hvor mange som per i dag kan få en genetisk verifisert diagnose avhenger av kompetanse, tilgjengelighet til DNA-diagnostikk, den medisinske kunnskapsutviklingen, og diagnose. For mange av diagnosene er ikke den genetiske årsaken avdekket ennå. Dette målet egner seg best for å se på utvikling over tid og til å sammenlikne oss med utlandet der slike studier foreligger. Det er mindre egnet til å sammenlikne geografiske regioner innad i landet, da dekningsgraden er begrenset og ujevn, og da forekomst av ulike genetiske tilstander varierer."
"muskel5";"muskel";"Andel pasienter som får oppfølging hos barnelege eller nevrolog";"ind5_oppfølging_Muskel";0,8;0,8;1;"Pasienter med arvelig nevromuskulær sykdom krever ofte kompleks oppfølging og barnelege/nevrolog kan påse at de får den oppfølgingen de trenger og i henhold til retningslinjer.";"Pasienter med arvelig nevromuskulær sykdom krever ulik oppfølging avhengig av diagnose og sykdomsgrad. Noen er utsatt for å utvikle f.eks. hjerte- og/eller respirasjonssvikt, fotfeilstillinger, skoliose eller synstap og trenger overvåking og tiltak for dette. Barnelege/nevrolog kan sørge for at de henvise til nødvendige instanser Vi antar at det er en sammenheng mellom antall pasienter med arvelig nevromuskulær sykdom som følges opp av barnelege/nevrolog og kvaliteten på helsetjenesten til den enkelte pasient."
"muskel6";"muskel";"Andel pasienter som får fysioterapi";"ind6_fysioterapi_muskel";0,9;0,9;1;"Pasienter med arvelig nevromuskulær sykdom har ofte fysisk funksjonsnedsettelse og plager der nevromuskulær fysioterapi er sentral støttebehandling.";"Pasienter med arvelig nevromuskulær sykdom har ofte fysisk funksjonsnedsettelse og plager der fysioterapi er sentral støttebehandling. Flest mulig bør få dette og i tillegg må den være tilpasset nevromuskulær sykdom. "
"nnrr1";"nnrr";"Andel pasienter med tverrfaglig behandling";"Ind1_Tverrfaglig behandling_NNRR";0,3;0,3;1;"Andel pasienter som har mottatt tverrfaglig behandling som del av behandlingstilbudet.";"Måltallet gjelder tverrfaglig behandling, individuelt eller i gruppe, og er erfaringsbasert. I behandlingen skilles det mellom tverrfaglig vurdering ved konsultasjon og et tilbud om videre tverrfaglig behandling. Mange pasienter avsluttes etter en konsultasjon med spesialistvurdering ved poliklinikken, som kan være enten av lege alene eller tverrfaglig med samarbeid mellom flere yrkesgrupper. Pasienter som får tverrfaglig vurdering ved konsultasjon inngår ikke i denne kvalitetsindikatoren. Poliklinikkene som inngår i Norsk nakke- og ryggregister er organisert med flere ulike faggrupper som kan gi tverrfaglig behandling. Tverrfaglig behandling kan gis til enkeltpasienter eller som gruppetilbud. Fysioterapeuter er sentrale, men også andre faggrupper som leger, ergoterapeuter, sykepleiere og psykologer inngår i varierende grad. En spesialisert nakke- og ryggpoliklinikk bør kunne tilby tverrfaglig behandling til pasienter hvor dette er indisert, og andelen som får et slikt tilbud bør være minst 30% av pasientene."
"nnrr2";"nnrr";"Bedret funksjon";"Ind2_Bedret funksjon_NNRR";0,3;0,25;1;"Klinisk viktig bedring av funksjon fra konsultasjon til etter 6 måneder.";"Pasienter som vurderes ved poliklinikkene har ofte redusert funksjon i ulike aktiviteter. Denne reduserte funksjonen er oftest knyttet til ryggsmerter. Oswestry-Disability-Index, forkortet ODI, er et spørreskjema som registrerer hvordan smerter påvirker dagliglivet. Det spørres om grad av smerte, og om det er problemer med funksjon på grunne av smerter i forhold til personlig stell, å løfte, å gå, å sitte, å stå, å sove, seksualliv, sosialt liv, å reise. Samlet gir dette en skår mellom 0 og 100 prosent-poeng, hvor 100 er beste funksjon. Basert på forskning vurderes en klinisk viktig endring i funksjon å være 10 prosent-poeng reduksjon eller høyere. En alternativ metode er å vurdere en reduksjon på 30% av skåren ved konsultasjon som klinisk viktig.  Måltallet for kvalitetsindikatorene er at minimum 25% av pasientene får bedret sin funksjon fra konsultasjon til oppfølging etter 6 måneder."
"nnrr3";"nnrr";"Andel med minimal funksjonsnedsettelse 6 måneder etter konsultasjon.";"Ind3_Funksjonsnedsettelse_NNRR";0,5;0,4;1;"Andel med minimal funksjonsnedsettelse 6 måneder etter konsultasjon.";"Pasienter som vurderes ved poliklinikkene har ofte redusert funksjon i ulike aktiviteter. Denne reduserte funksjonen er oftest knyttet til ryggsmerter. Oswestry-Disability-Index, forkortet ODI, er et spørreskjema som registrer hvordan smerter påvirker dagliglivet. Det spørres om grad av smerte, og om det er problemer med funksjon på grunne av smerter i forhold til personlig stell, å løfte, å gå, å sitte, å stå, å sove, seksualliv, sosialt liv, å reise. Samlet gir dette en skår mellom 0 og 100 prosent-poeng, hvor 100 er beste funksjon. En skår på 20 eller lavere vurderes som at pasienten har minimalt redusert funksjon, med liten kliniske betydning."
"nnrr4";"nnrr";"Bedring smerte i aktivitet";"Ind4_1_Bedring smerte_NNRR";0,5;0,4;1;"Andel pasienter med klinisk viktig bedring av smerte fra konsultasjon til etter 6 måneder.";"95% av pasientene har hatt smerter lenger enn 3 måneder, og 45% har hatt smerter i mer enn 2 år. Dessverre er det vanskelig å påvirke langvarige smerter med behandling. Grad av smerte vurderes ved at pasientene selv vurderer smerteintensitet ved å skåre smertegrad på skala fra 0 til 10, hvor 0 er «ingen smerte» og 10 er «verst tenkelige smerter». 20% eller mer reduksjon i smerte-skåren vurderes som klinisk viktig endring av smerteintensitet. Målet er at smerte-reduksjon oppnås av 20% av pasientene 6 måneder etter konsultasjon."
"nnrr5";"nnrr";"Bedring smerte ved hvile";"Ind4_2_Bedring smerte_NNRR";0,5;0,4;1;"Andel pasienter med klinisk viktig bedring av smerte fra konsultasjon til etter 6 måneder.";"95% av pasientene har hatt smerter lenger enn 3 måneder, og 45% har hatt smerter i mer enn 2 år. Dessverre er det vanskelig å påvirke langvarige smerter med behandling. Grad av smerte vurderes ved at pasientene selv vurderer smerteintensitet ved å skåre smertegrad på skala fra 0 til 10, hvor 0 er «ingen smerte» og 10 er «verst tenkelige smerter». 20% eller mer reduksjon i smerte-skåren vurderes som klinisk viktig endring av smerteintensitet. Målet er at smerte-reduksjon oppnås av 20% av pasientene 6 måneder etter konsultasjon."
"nnrr6";"nnrr";"Tilbake for fullt i jobb";"Ind5_Jobb_NNRR";0,5;0,4;1;"Andel pasienter som var helt eller delvis ute av jobb ved konsultasjon og som er tilbake for fullt etter 6 måneder.";"Å falle ut av yrkeslivet kan medføre en reduksjon i livskvalitet. Samfunnsøkonomisk er det ønskelig med høy jobb-deltakelse. Å komme tilbake til fullt arbeid i den stillingsprosenten en hadde opprinnelig, er derfor definert som en kvalitetsindikator. For å regnes som tilbake i full jobb skal de ha registrert arbeidsstatus «Inntektsgivende arbeid», samt ha en prosentvis stilling ved oppfølging som er større eller lik den ved inklusjon. Det er små tall og resultatene må tolkes med stor forsiktighet."
"nnrr7";"nnrr";"Opplevd bedring av behandling";"Ind6_Bedring av behandling_NNRR";0,5;0,4;1;"Andel pasienter som rapporterer 6 måneder etter konsultasjonen at de er blitt bedre av behandlingen/ vurderingen.";"Pasientrapportert bedring av behandlingen vurderes som en relevant kvalitetsindikator. Pasientene fyller ut et spørreskjema de får tilsendt 6 måneder etter konsultasjonen. Målet er at 50% av pasientene er blitt litt bedre/ mye bedre eller helt bra av behandlingen. Registreringen er usikker da mange pasienter ikke vurderer konsultasjon/vurdering ved poliklinikk som «behandling». Det er betydelig variasjon mellom sykehusene.        "
"nnrr8";"nnrr";"Andel misfornøyde pasienter";"Ind7_Misfornøyd_NNRR";0,1;0,1;0;"Andel pasienter som er misfornøyd med behandlingen de har fått på sykehuset.";"Det er ønskelig at færrest mulig pasienter er misfornøyde med behandlingen de får. Måltallet er at mindre enn 10% av pasientene rapporterer at de er litt, noe eller meget misfornøyde med behandlingen de har fått. 
"
"norgast1";"norgast";"Sårruptur";"ind1_sårruptur_NorGast";0,03;0,04;0;"Andel pasienter som gjennomgikk nytt inngrep for ruptur (brist) av lukkingen av bukvegg innen 30 dager etter primærinngrep. Kun pasienter hvor primærinngrepet var planlagt er inkluderte.";"Resultater for sårruptur presenteres for alle åpne inngrep, alle organgrupper samlet. Inngrep som startes med kikkhullsteknikk hvor en går over til åpent inngrep underveis er også inkluderte. Sårruptur medfører ofte smerter, nytt inngrep i narkose og forlenget sykehusopphold og rekonvalesens for pasienten."
"norgast10";"norgast";"Reseksjoner av endetarm (rektum): Kikkhullsteknikk";"ind10_kikkhullsteknikk_endetarm_NorGast";0,7;0,6;1;"Bruk av kikkhullsteknikk (laparoskopi) ved planlagte inngrep.";"Inngrep utført med kikkhullsteknikk medfører trolig en mindre belastning for pasienten, og en oppnår ofte raskere rekonvalesens og mindre smerter. Ikke alle pasienter og typer operasjonen egner seg for kikkhulls-inngrep, men en minimumsandel kikkhullskirurgi anses å være en kvalitetsindikator for en avdeling. En stor andel av inngrep over hele landet utføres allerede i dag ved hjelp av kikkhullsteknikk, og andelen er stadig økende. For å gjøre sammenligning mellom avdelingene enklest mulig presenteres kun tall for pasienter med godt funksjonsnivå (ECOG <2) og som opereres for ondartet sykdom."
"norgast2";"norgast";"Reseksjoner av spiserør (øsofagus): Andel avdøde";"ind2_andelavdøde_spiserør_NorGast";0,05;0,08;0;"Andel pasienter som døde innen 90 dager etter planlagt operasjon.";NA
"norgast3";"norgast";"Reseksjoner av magesekk (ventrikkel): Andel avdøde";"ind3_andelavdøde_magesekk_NorGast";0,05;0,08;0;"Andel pasienter som døde innen 90 dager etter planlagt operasjon.";NA
"norgast4";"norgast";"Reseksjoner av bukspyttkjertelhode/tolvfingertarm: Andel avdøde";"ind4_andelavdøde_bykspytt_tolv_NorGast";0,05;0,08;0;"Andel pasienter som døde innen 90 dager etter planlagt operasjon.";NA
"norgast5";"norgast";"Reseksjoner av lever: Andel avdøde";"ind5_andelavdøde_lever_NorGast";0,03;0,05;0;"Andel pasienter som døde innen 90 dager etter planlagt operasjon.";NA
"norgast6";"norgast";"Reseksjoner av tykktarm (kolon): Lekkasje fra skjøt (anastomoselekkasje)";"ind6_lekkasje_tykktarm_NorGast";0,04;0,06;0;"Andel pasienter som gjennomgikk nytt inngrep for svikt i skjøt (anastomose) innen 30 dager etter primærinngrep. Kun planlagte inngrep er inkluderte.";"Lekkasje av innhold i tarm ut i bukhulen som følge av svikt i skjøt utløser en alvorlig infeksjonstilstand. Dette er en alvorlig hendelse for pasienten og kan ofte medføre betydelig økt sykelighet, behov for utlagt tarm (stomi), forlenget rekonvalesens og i enkelte tilfeller dødsfall. Andel pasienter hvor slik svikt med lekkasje oppstår er valgt ut som kvalitetsindikator. For å gjøre sammenligning mellom avdelingene enklest mulig presenteres kun tall for pasienter med godt funksjonsnivå (ECOG <2) og som opereres for ondartet sykdom."
"norgast7";"norgast";"Reseksjoner av endetarm (rektum): Lekkasje fra skjøt (anastomoselekkasje)";"ind7_lekkasje_endetarm_NorGast";0,05;0,07;0;"Andel pasienter som gjennomgikk nytt inngrep for svikt i skjøt (anastomose) innen 30 dager etter primærinngrep. Kun planlagte inngrep er inkluderte.";"Lekkasje av innhold i tarm ut i bukhulen som følge av svikt i skjøt utløser en alvorlig infeksjonstilstand. Dette er en alvorlig hendelse for pasienten og kan ofte medføre betydelig økt sykelighet, behov for utlagt tarm (stomi), forlenget rekonvalesens og i enkelte tilfeller dødsfall. Andel pasienter hvor slik svikt med lekkasje oppstår er valgt ut som kvalitetsindikator. For å gjøre sammenligning mellom avdelingene enklest mulig presenteres kun tall for pasienter med godt funksjonsnivå (ECOG <2) og som opereres for ondartet sykdom."
"norgast8";"norgast";"Reseskjoner av lever: Kikkhullsteknikk";"ind8_kikkhullsteknikk_ lever_NorGast";0,3;0,3;1;"Bruk av kikkhullsteknikk (laparoskopi) ved planlagte inngrep.";"Inngrep utført med kikkhullsteknikk medfører trolig en mindre belastning for pasienten, og en oppnår ofte raskere rekonvalesens og mindre smerter. Ikke alle pasienter og typer operasjonen egner seg for kikkhulls-inngrep, men en minimumsandel kikkhullskirurgi anses å være en kvalitetsindikator for en avdeling. En stor andel av inngrep over hele landet utføres allerede i dag ved hjelp av kikkhullsteknikk, og andelen er stadig økende. For å gjøre sammenligning mellom avdelingene enklest mulig presenteres kun tall for pasienter med godt funksjonsnivå (ECOG <2) og som opereres for ondartet sykdom."
"norgast9";"norgast";"Reseksjoner av tykktarm (kolon): Kikkhullsteknikk";"ind9_kikkhullsteknikk_tykktarm_NorGast";0,7;0,6;1;"Bruk av kikkhullsteknikk (laparoskopi) ved planlagte inngrep.";"Inngrep utført med kikkhullsteknikk medfører trolig en mindre belastning for pasienten, og en oppnår ofte raskere rekonvalesens og mindre smerter. Ikke alle pasienter og typer operasjonen egner seg for kikkhulls-inngrep, men en minimumsandel kikkhullskirurgi anses å være en kvalitetsindikator for en avdeling. En stor andel av inngrep over hele landet utføres allerede i dag ved hjelp av kikkhullsteknikk, og andelen er stadig økende. For å gjøre sammenligning mellom avdelingene enklest mulig presenteres kun tall for pasienter med godt funksjonsnivå (ECOG <2) og som opereres for ondartet sykdom."
"norvas1";"norvas";"Andel med utført ANCA test ved debut av ANCA assosiert vaskulitt (AAV)";"ind1_ANCAvdebut_NorVas";0,94;0,94;1;"ANCA er en blodprøve som de fleste med AAV har utslag på.";"ANCA er en blodprøve som måler et antistoff (antinøytrofilt cytoplasma antistoff). Indikatoren viser andel som har fått utført ANCA test i utredningen. Da ANCA test er positiv hos de fleste med AAV og viktig for å stille diagnosen, er det ønskelig med høy måloppnåelse."
"norvas2";"norvas";"Andelen med minimum 2 oppfølginger pr. år";"ind2_Andelminimum_2oppf_NorVas";0,79;0,79;1;"Vaskulitter er alvorlige og langvarige sykdommer som bør ha jevnlig oppfølging av spesialist.";"Vaskulitter er alvorlige og langvarige sykdommer som varierer i sykdomsaktivitet. Pasienter behandles med immundempende medisiner. Det kan oppstå komplikasjoner og skadeutvikling både som følge av sykdommen og behandlingen. Dette krever jevnlig oppfølging av behandlende spesialist. Indikatoren viser andel av pasienter som har minimum 2 slike kontroller årlig."
"norvas3";"norvas";"Andel utfylt skjema for sykdomsaktivitet - BVAS";"ind3_AndelBVAS_NorVas";0,94;0,94;1;"BVAS er et avkrysningsskjema som fylles ut av lege for å registrere hvor aktiv sykdommen i oppfølging av pasienter med ANCA assosierte vaskulitt og gruppen Andre vaskulitter";"Sykdomsaktivitet skåres ved BVAS (Birmingham Vasculitis Activity Score), et skjema hvor man kysser av for aktivitetstegn i ulike organer i kroppen. Totalt kan man få 63 skår, som betyr at det er alvorlig vaskulittaktivitet i omtrent alle organer i kroppen. Når det ikke er tegn på aktiv sykdom (remisjon) skal skåret være 0. I tillegg skal legen konkludere med en sykdomsvurdering i følgende 5 grupper: 
•    Debut (aktiv sykdom)
•    Alvorlig tilbakefall (residiv)
•    Lett tilbakefall (residiv)
•    Persisterende sykdom 
•    Remisjon (uten tegn på aktiv sykdom)
Debut, alvorlig residiv og lett residiv regnes som aktiv sykdom som trenger intensivert behandling. Persisterende sykdom kan gjenspeile lavgradig lengrevarende aktivitet, men betyr oftest at pasienten er i bedring etter igangsatt behandling, men ennå ikke kommet i remisjon. Indikatoren viser andelen som har utfylt BVAS ved hver oppfølging."
"norvas4";"norvas";"Andel utfylt Kerr ved hver oppfølging av pasienter med storkarsvaskulitt";"ind4_AndelKerr_NorVas";0,79;0,79;1;"Andel utfylt Kerr ved hver oppfølging av pasienter med storkarsvaskulitt.";"I Kerr skjema er det 4 vurderinger som gjøres for å måle sykdomsaktivitet. Et skår på 2 eller mer betyr aktiv sykdom.  Ved aktiv sykdom kreves intensivering av den medikamentelle behandlingen, og er et hjelpemiddel for behandlende spesialist. Indikatoren viser andel utfylt Kerr ved hver oppfølging."
"norvas5";"norvas";"Andel pasienter med ANCA assosiert vaskulitt som er i remisjon etter 6 mndr";"ind5_AndelAnCA_remisjon_NorVas";0,79;0,79;1;"Remisjon, dvs ingen tegn på aktiv sykdom (BVAS=0) er det primære målet i behandlingen av vaskulitter.";"I dagens behandling av vaskulitter ønsker man å oppnå rask remisjon. De fleste går i remisjon innen 3 mndr. Denne indikatoren viser andel av pasienter som er i remisjon ved 6 mndr. Høy måloppnåelse er ønskelig."
"norvas6";"norvas";"Andel pasienter med ANCA assosiert vaskulitt på Prednisolon < 5mg ved 6 mndr";"ind6_AndelANCA_Prednisolon_NorVas";0,59;0,59;1;"Lav prednisolondose, definert som daglig dose 5 mg eller lavere er ønskelig.";"Prednisolon demper betennelsen og er et viktig medikament ved vaskulitter, men høy prednisolondose gir mye komplikasjoner og bivirkninger. Pasienter behandles med annen immundempende behandling som muliggjør lav prednisolondose.  Høy måloppnåelse er satt til 60% basert på erfaringer nasjonalt og internasjonalt ved dagens behandling. Ved fremtidig behandlingsopplegg kan man forvente at andel på lav prednisolondose bør øke."
"norvas7";"norvas";"Andel pasienter med storkarsvaskulitt på Prednisolon < 7,5mg ved 6 mndr";"ind7_Andelstorvas_Prednisolon_NorVas";0,59;0,59;1;"Lav prednisolondose, definert som daglig dose på 7,5mg eller lavere er ønskelig.";"Høy prednisolondose gir mye komplikasjoner og bivirkninger, men prednisolon er fortsatt det viktigste medikamentet i behandlingen av storkarsvaskulitter.  Høy måloppnåelse er satt til 60% basert på erfaringer nasjonalt og internasjonalt ved dagens behandling. Ved fremtidig behandlingsopplegg med annen immundempende behandling kan man forvente at andel på lav prednisolondose vil øke."
"nra1";"nra";"Testprosedyre sakral nervemodulering (SNM)";"ind1_50pstlekkasjeredusjon";0,7;0,7;1;"Andel pasienter med ? 50% reduksjon av lekkasje i testperiode.";"Operasjon med sakral nervemodulering (SNM) innebærer tradisjonelt at pasientene går i en 3 ukers SNM-testperiode. Før og under test-perioden fyller pasientene ut dagbok der de registrer antall episoder med avføringslekkasje, hastverksepisoder for å nå toalettet, antall avføringer og hvor mange dager de opplever lekkasje. Dersom det er reduksjon på lekkasjeepisoder på >50% regner man testen som positiv og pasienten tilbys permanent implantasjon av stimulator. I enkelte tilfeller tilbys pasienten implantasjon på andre kriterier, som blant annet kraftig forbedring av hastverk. Indikatoren påvirkes av pasientutvalg og operasjonsteknikk. >70 % av alle testet bør ha positiv test."
"nra10";"nra";"St. Mark’s Inkontinensskår ?12 etter operasjon med sfinkterplastikk";"ind10_stmarks_12_1aar_sfinkt";0,5;0,5;1;"Andel pasienter med symptomskår ?12 av 24 mulige poeng 1 år etter operasjon.";"St. Mark’s inkontinensskår er en modifikasjon av Wexner inkontinensskår, og er et av de mest brukte skåringverktøyene for å få et objektivt mål på grad av anal inkontinens. Wexner skår går fra 0-20, mens St. Mark’s fra 0-24, der 0 representerer komplett kontinens (ingen lekkasje), og 20/24 fullstendig inkontinens. En Wexner eller St. Mark’s skår på 9 eller mindre etter behandling, er ansett å være av klinisk signifikant betydning og assosiert med økt livskvalitet. Fagrådet i NRA har definert følgende kvalitetsmål for resultatindikator St. Mark’s og Wexner: 
** ** • 30% av pasientene skal ha en St. Mark’s eller Wexner skår på 9 eller mindre, 1 og 5 år etter operasjon. 
** • 50% av pasienten skal ha en St. Mark’s eller Wexner skår på 12 eller mindre, 1 og 5 år etter operasjon. 
** ** Pasienter med preskår under henholdsvis 9 og 12 er ekskludert fra de respektive analysene."
"nra11";"nra";"St. Mark’s Inkontinensskår ?12 etter operasjon med sfinkterplastikk";"ind11_stmarks_12_5aar_sfinkt";0,5;0,5;1;"Andel pasienter med symptomskår ?12 av 24 mulige poeng 5 år etter operasjon.";"St. Mark’s inkontinensskår er en modifikasjon av Wexner inkontinensskår, og er et av de mest brukte skåringverktøyene for å få et objektivt mål på grad av anal inkontinens. Wexner skår går fra 0-20, mens St. Mark’s fra 0-24, der 0 representerer komplett kontinens (ingen lekkasje), og 20/24 fullstendig inkontinens. En Wexner eller St. Mark’s skår på 9 eller mindre etter behandling, er ansett å være av klinisk signifikant betydning og assosiert med økt livskvalitet. Fagrådet i NRA har definert følgende kvalitetsmål for resultatindikator St. Mark’s og Wexner: 
** ** • 30% av pasientene skal ha en St. Mark’s eller Wexner skår på 9 eller mindre, 1 og 5 år etter operasjon. 
** • 50% av pasienten skal ha en St. Mark’s eller Wexner skår på 12 eller mindre, 1 og 5 år etter operasjon. 
** ** Pasienter med preskår under henholdsvis 9 og 12 er ekskludert fra de respektive analysene."
"nra12";"nra";"Wexner Inkontinensskår ?9 etter operasjon med SNM";"ind12_wexner_9_1aar_snm";0,3;0,3;1;"Andel pasienter med symptomskår ?9 av 20 mulige poeng 1 år etter operasjon.";"St. Mark’s inkontinensskår er en modifikasjon av Wexner inkontinensskår, og er et av de mest brukte skåringverktøyene for å få et objektivt mål på grad av anal inkontinens. Wexner skår går fra 0-20, mens St. Mark’s fra 0-24, der 0 representerer komplett kontinens (ingen lekkasje), og 20/24 fullstendig inkontinens. En Wexner eller St. Mark’s skår på 9 eller mindre etter behandling, er ansett å være av klinisk signifikant betydning og assosiert med økt livskvalitet. Fagrådet i NRA har definert følgende kvalitetsmål for resultatindikator St. Mark’s og Wexner: 
** ** • 30% av pasientene skal ha en St. Mark’s eller Wexner skår på 9 eller mindre, 1 og 5 år etter operasjon. 
** • 50% av pasienten skal ha en St. Mark’s eller Wexner skår på 12 eller mindre, 1 og 5 år etter operasjon. 
** ** Pasienter med preskår under henholdsvis 9 og 12 er ekskludert fra de respektive analysene."
"nra13";"nra";"Wexner Inkontinensskår ?12 etter operasjon med SNM";"ind13_wexner_12_1aar_snm";0,5;0,5;1;"Andel pasienter med symptomskår ?12 av 20 mulige poeng 1 år etter operasjon.";"St. Mark’s inkontinensskår er en modifikasjon av Wexner inkontinensskår, og er et av de mest brukte skåringverktøyene for å få et objektivt mål på grad av anal inkontinens. Wexner skår går fra 0-20, mens St. Mark’s fra 0-24, der 0 representerer komplett kontinens (ingen lekkasje), og 20/24 fullstendig inkontinens. En Wexner eller St. Mark’s skår på 9 eller mindre etter behandling, er ansett å være av klinisk signifikant betydning og assosiert med økt livskvalitet. Fagrådet i NRA har definert følgende kvalitetsmål for resultatindikator St. Mark’s og Wexner: 
** ** • 30% av pasientene skal ha en St. Mark’s eller Wexner skår på 9 eller mindre, 1 og 5 år etter operasjon. 
** • 50% av pasienten skal ha en St. Mark’s eller Wexner skår på 12 eller mindre, 1 og 5 år etter operasjon. 
** ** Pasienter med preskår under henholdsvis 9 og 12 er ekskludert fra de respektive analysene."
"nra2";"nra";"Gradering av skade på lukkemuskel før operasjon";"ind2_ultralyd";0,95;0,95;1;"95% skal ha gjennomgått ultralydvurdering for å kartlegge omfang av skade.";"Ultralyd er gullstandard for å kartlegge om det foreligger skade på lukkemuskel, samt omfanget av en eventuell skade. Dette er en viktig prosessindikator som er med på å sikre at rett intervensjon tilbys til rett pasient."
"nra3";"nra";"Sårinfeksjon etter sakral nervemodulering  (SNM)";"ind3_saarinfeksjon";0,04;0,04;0;"Bekreftet sårinfeksjon innen 30 dager etter implantasjon av stimulator.";"Sårinfeksjon er sjeldent ved SNM, men kan alltid forekomme ved implantasjoner. Årsakene er komplekse og kan henge sammen med pasientens alder, allmenntilstand og bruk av medisiner. Lang operasjonstid, komplikasjoner, bruk av forebyggende antibiotika og hygienetiltak kan være av betydning. Indikatoren angir andel pasienter som har fått bekreftet sårinfeksjon innen 30 dager etter prosedyre."
"nra4";"nra";"St. Mark’s Inkontinensskår ?9 etter operasjon med SNM";"ind4_stmarks_9_1aar_snm";0,3;0,3;1;"Andel pasienter med symptomskår ?9 av 24 mulige poeng 1 år etter operasjon.";"St. Mark’s inkontinensskår er en modifikasjon av Wexner inkontinensskår, og er et av de mest brukte skåringverktøyene for å få et objektivt mål på grad av anal inkontinens. Wexner skår går fra 0-20, mens St. Mark’s fra 0-24, der 0 representerer komplett kontinens (ingen lekkasje), og 20/24 fullstendig inkontinens. En Wexner eller St. Mark’s skår på 9 eller mindre etter behandling, er ansett å være av klinisk signifikant betydning og assosiert med økt livskvalitet. Fagrådet i NRA har definert følgende kvalitetsmål for resultatindikator St. Mark’s og Wexner: 
** ** • 30% av pasientene skal ha en St. Mark’s eller Wexner skår på 9 eller mindre, 1 og 5 år etter operasjon. 
** • 50% av pasienten skal ha en St. Mark’s eller Wexner skår på 12 eller mindre, 1 og 5 år etter operasjon. 
** ** Pasienter med preskår under henholdsvis 9 og 12 er ekskludert fra de respektive analysene."
"nra5";"nra";"St. Mark’s Inkontinensskår ?9 etter operasjon med SNM";"ind5_stmarks_9_5aar_snm";0,3;0,3;1;"Andel pasienter med symptomskår ?9 av 24 mulige poeng  5 år etter operasjon.";"St. Mark’s inkontinensskår er en modifikasjon av Wexner inkontinensskår, og er et av de mest brukte skåringverktøyene for å få et objektivt mål på grad av anal inkontinens. Wexner skår går fra 0-20, mens St. Mark’s fra 0-24, der 0 representerer komplett kontinens (ingen lekkasje), og 20/24 fullstendig inkontinens. En Wexner eller St. Mark’s skår på 9 eller mindre etter behandling, er ansett å være av klinisk signifikant betydning og assosiert med økt livskvalitet. Fagrådet i NRA har definert følgende kvalitetsmål for resultatindikator St. Mark’s og Wexner:
** ** • 30% av pasientene skal ha en St. Mark’s eller Wexner skår på 9 eller mindre, 1 og 5 år etter operasjon. 
** • 50% av pasienten skal ha en St. Mark’s eller Wexner skår på 12 eller mindre, 1 og 5 år etter operasjon. 
** ** Pasienter med preskår under henholdsvis 9 og 12 er ekskludert fra de respektive analysene."
"nra6";"nra";"St. Mark’s Inkontinensskår ?12 etter operasjon med SNM";"ind6_stmarks_12_1aar_snm";0,5;0,5;1;"Andel pasienter med symptomskår ?12 av 24 mulige poeng 1 år etter operasjon.";"St. Mark’s inkontinensskår er en modifikasjon av Wexner inkontinensskår, og er et av de mest brukte skåringverktøyene for å få et objektivt mål på grad av anal inkontinens. Wexner skår går fra 0-20, mens St. Mark’s fra 0-24, der 0 representerer komplett kontinens (ingen lekkasje), og 20/24 fullstendig inkontinens. En Wexner eller St. Mark’s skår på 9 eller mindre etter behandling, er ansett å være av klinisk signifikant betydning og assosiert med økt livskvalitet. Fagrådet i NRA har definert følgende kvalitetsmål for resultatindikator St. Mark’s og Wexner: 
** ** • 30% av pasientene skal ha en St. Mark’s eller Wexner skår på 9 eller mindre, 1 og 5 år etter operasjon. 
** • 50% av pasienten skal ha en St. Mark’s eller Wexner skår på 12 eller mindre, 1 og 5 år etter operasjon. 
** ** Pasienter med preskår under henholdsvis 9 og 12 er ekskludert fra de respektive analysene."
"nra7";"nra";"St. Mark’s Inkontinensskår ?12 etter operasjon med SNM";"ind7_stmarks_12_5aar_snm";0,5;0,5;1;"Andel pasienter med symptomskår ?12 av 24 mulige poeng  5 år etter operasjon.";"St. Mark’s inkontinensskår er en modifikasjon av Wexner inkontinensskår, og er et av de mest brukte skåringverktøyene for å få et objektivt mål på grad av anal inkontinens. Wexner skår går fra 0-20, mens St. Mark’s fra 0-24, der 0 representerer komplett kontinens (ingen lekkasje), og 20/24 fullstendig inkontinens. En Wexner eller St. Mark’s skår på 9 eller mindre etter behandling, er ansett å være av klinisk signifikant betydning og assosiert med økt livskvalitet. Fagrådet i NRA har definert følgende kvalitetsmål for resultatindikator St. Mark’s og Wexner: 
** ** • 30% av pasientene skal ha en St. Mark’s eller Wexner skår på 9 eller mindre, 1 og 5 år etter operasjon. 
** • 50% av pasienten skal ha en St. Mark’s eller Wexner skår på 12 eller mindre, 1 og 5 år etter operasjon. 
** ** Pasienter med preskår under henholdsvis 9 og 12 er ekskludert fra de respektive analysene."
"nra8";"nra";"St. Mark’s Inkontinensskår ?9 etter operasjon med sfinkterplastikk";"ind8_stmarks_9_1aar_sfinkt";0,3;0,3;1;"Andel pasienter med symptomskår ?9 av 24 mulige poeng 1 år etter operasjon.";"St. Mark’s inkontinensskår er en modifikasjon av Wexner inkontinensskår, og er et av de mest brukte skåringverktøyene for å få et objektivt mål på grad av anal inkontinens. Wexner skår går fra 0-20, mens St. Mark’s fra 0-24, der 0 representerer komplett kontinens (ingen lekkasje), og 20/24 fullstendig inkontinens. En Wexner eller St. Mark’s skår på 9 eller mindre etter behandling, er ansett å være av klinisk signifikant betydning og assosiert med økt livskvalitet. Fagrådet i NRA har definert følgende kvalitetsmål for resultatindikator St. Mark’s og Wexner: 
** ** • 30% av pasientene skal ha en St. Mark’s eller Wexner skår på 9 eller mindre, 1 og 5 år etter operasjon. 
** • 50% av pasienten skal ha en St. Mark’s eller Wexner skår på 12 eller mindre, 1 og 5 år etter operasjon. 
** ** Pasienter med preskår under henholdsvis 9 og 12 er ekskludert fra de respektive analysene."
"nra9";"nra";"St. Mark’s Inkontinensskår ?9 etter operasjon med sfinkterplastikk";"ind9_stmarks_9_5aar_sfinkt";0,3;0,3;1;"Andel pasienter med symptomskår ?9 av 20 mulige poeng  5 år etter operasjon.";"St. Mark’s inkontinensskår er en modifikasjon av Wexner inkontinensskår, og er et av de mest brukte skåringverktøyene for å få et objektivt mål på grad av anal inkontinens. Wexner skår går fra 0-20, mens St. Mark’s fra 0-24, der 0 representerer komplett kontinens (ingen lekkasje), og 20/24 fullstendig inkontinens. En Wexner eller St. Mark’s skår på 9 eller mindre etter behandling, er ansett å være av klinisk signifikant betydning og assosiert med økt livskvalitet. Fagrådet i NRA har definert følgende kvalitetsmål for resultatindikator St. Mark’s og Wexner: 
** ** • 30% av pasientene skal ha en St. Mark’s eller Wexner skår på 9 eller mindre, 1 og 5 år etter operasjon. 
** • 50% av pasienten skal ha en St. Mark’s eller Wexner skår på 12 eller mindre, 1 og 5 år etter operasjon. 
** ** Pasienter med preskår under henholdsvis 9 og 12 er ekskludert fra de respektive analysene."
"rygg1";"rygg";"Varighet av utstrålende smerter (til ben) før prolapskirurgi";"ind1_Varighet_bensemerter_Rygg";0,2;0,2;0;"Utstrålende smerter mer enn 1 år før prolapskirurgi. Rapportert av pasient før operasjon.
";"I nasjonale retningslinjer (2007) er det anbefalt å operere pasienter for skiveprolaps før utstrålende smerter har vart for lenge, helst innen ett år. Dette samsvarer godt med nyere rapporter og forskning fra NKR.  Derfor bør denne pasientgruppen håndteres raskt og effektivt når beslutning om operasjon er tatt og ikke-kirurgisk behandling har vært forsøkt.
Lang varighet av utstrålende smerter før operasjon kan blant annet skyldes lange ventetider hos fastlege og poliklinikk samt lav operasjonskapasitet på sykehuset
"
"rygg2";"rygg";"Grad av utstrålende smerter (til ben) før prolapskirurgi";"ind2_lav_bensmerte_prolaps_Rygg";0,03;0,03;0;"Lite utstrålende smerter (mindre enn 3 på en skala fra 0- 10 (max.)). Rapportert av pasient før operasjon.
";"Gevinst av ryggkirurgi henger sammen med hvor streng indikasjonsstillingen («inngangsbilletten» til kirurgi) har vært. Pasienter som har mye plager, vil kunne forvente størst nytte av operasjon, mens de som har lite plager har mindre utsikter til forbedring. Hvis pasienten har lite smerter før operasjon (utstrålende smerter mindre eller lik 3 av 10 på en smerteskala), er det også risiko for at pasienten faktisk blir verre etter operasjon. Pasienter med lammelse (parese) er tatt ut av analysen, da de ofte må opereres uansett hvor mye smerter de har."
"rygg3";"rygg";"Sårinfeksjon etter prolapskirurg";"ind3_Saarinfeksjon_prolaps_Rygg";0,02;0,02;0;"Gjelder både dyp og overfladisk infeksjon. Rapportert av pasient 3 måneder etter operasjon.
";"Årsakene til sårinfeksjoner er komplekse og kan henge sammen med flere forhold. Pasientens alder, almenntilstand og bruk av medisiner, lang operasjonstid, tekniske forhold vedrørende kirurgi og hygienetiltak kan være av betydning. Forekomsten vil aldri kunne bli null. For prolaps kirurgi har andelen sårinfeksjoner se senere år ligget stabilt rundt 2-3 % på landsbasis. Ved 3 måneders etterkontroll svarer pasientene selv på to spørsmål for å kartlegge om de har hatt sårinfeksjon: ''Ble du behandlet med antibiotika for overfladisk sårinfeksjon i operasjonssåret i løpet av de 4 første ukene etter operasjonen?"" og ''Har du blitt eller blir du behandlet i over 6 uker med antibiotika for dyp infeksjon i operasjonssåret?''"
"rygg4";"rygg";"Sårinfeksjon etter spinal stenose kirurgi";"ind4_Saarinfeksjon_stenose_Rygg";0,03;0,03;0;"Gjelder både dyp og overfladisk infeksjon.
Rapportert av pasient 3 måneder etter operasjon.
";"Årsakene til sårinfeksjoner er komplekse og kan henge sammen med flere forhold. Pasientens alder, almenntilstand og bruk av medisiner, lang operasjonstid, tekniske forhold vedrørende kirurgi og hygienetiltak kan være av betydning. Forekomsten vil aldri kunne bli null. For spinal stenose kirurgi har andel sårinfeksjoner de senere år ligget stabilt rundt 3-4 % på landsbasis. Ved 3 måneders etterkontroll svarer pasientene selv på to spørsmål for å kartlegge om de har hatt sårinfeksjon: ''Ble du behandlet med antibiotika for overfladisk sårinfeksjon i operasjonssåret i løpet av de 4 første ukene etter operasjonen?"" og ''Har du blitt eller blir du behandlet i over 6 uker med antibiotika for dyp infeksjon i operasjonssåret?''"
"rygg5";"rygg";"Rift i ryggmargshinnen (durarift) ved prolapskirurgi";"ind5_Durarift_prolaps_Rygg";0,02;0,02;0;"Komplikasjon rapportert av kirurg under sykehusoppholdet.
";"Dette er oftest en ufarlig komplikasjon, men kan medføre smerter, ubehag og lengre liggetid på sykehus. I noen tilfeller må pasienten opereres på nytt på grunn av væskelekkasje fra såret. Unntaksvis kan også nerveskade og alvorlig infeksjon forekomme. Kun pasienter som ikke er operert i ryggen tidligere er med i analysen."
"rygg6";"rygg";"Rift i ryggmargshinnen (durarift) ved spinal stenose kirurgi";"ind6_Durarift_stenose_Rygg";0,03;0,03;0;"Komplikasjon rapportert av kirurg under sykehusoppholdet.
";"Dette er oftest en ufarlig komplikasjon, men kan medføre smerter, ubehag og lengre liggetid på sykehus. I noen tilfeller må pasienten opereres på nytt på grunn av væskelekkasje fra såret. Unntaksvis kan også nerveskade og alvorlig infeksjon forekomme. Kun pasienter som ikke er operert i ryggen tidligere er med i analysen."
"IndDGrev";"hoftebrudd";"Dekningsgrad alle reoperasjoner";"IndDGrev";0,9;0,8;1;"Dekningsgrad gir et mål på hvor stor andel av reoperasjoner etter hoftebrudd som blir meldt til registeret sammenlignet med Norsk pasientregister";"Dekningsgrad for Norsk Hoftebruddregister (NHBR) er definert som andelen av de pasienter som sykehuset rapporterte til Norsk pasientregister (NPR) som sykehuset også meldte til NHBR. Vi har definert ?90 % som svært god måloppnåelse, ?80 % som god måloppnåelse.|En del usikkerhet er knyttet til beregning av dekningsgrad. Det er viktig at sykehusene rapporterer riktige diagnosekoder og prosedyrekoder til NPR for at riktige operasjoner skal bli koblet til NHBR. For primæroperasjoner er dette mindre problematisk, men for reoperasjoner er det en større usikkerhet da flere ulike prosedyrekoder kan benyttes. Det finnes ingen klare retningslinjer for hvilke prosedyrekoder som kirurgene skal benytte ved for eksempel bløtdelsrevisjoner etter infeksjon.|NPR mangler spesifisering av legemsside og dette medfører en usikkerhet i analysene. Totalproteser i hofte implanteres også av andre årsaker enn hoftebrudd. Pasienter kan ha totalproteser i begge hofter og en kan ut fra data i NPR ikke avgjøre hvilken protese som er reoperert. Dersom totalprotesen som er reoperert ikke er implantert som følge av hoftebrudd skal reoperasjonen heller ikke være registrert i NHBR. Det totale antallet reopererte totalproteser i NPR er altså høyere enn antallet reopererte totalproteser implantert etter hoftebrudd. Dette vil gi en feilaktig lavere dekningsgrad for totalproteser i NHBR.|Dekningsgradsanalyser var sist utført for operasjoner utført i perioden 2015-2016."
"Ind24t";"hoftebrudd";"Operasjon innen 24 timer (tilstrebes)";"Ind24t";0,8;0,6;1;"Det er gode holdepunkter for at hoftebrudd bør opereres innen 24 timer etter bruddtidspunktet";"Denne kvalitetsindikatoren er definert som andel pasienter med akutt hoftebrudd som ble operert innen 24 timer etter bruddtidspunktet.|Det er gode holdepunkter for å anbefale at alle hoftebrudd bør tilstrebes operert innen 24 timer og senest innen 48 timer. Vi har definert >90 % som svært god måloppnåelse og >80 % som god måloppnåelse for operasjon innen 48 timer. For operasjon innen 24 timer er >80 % definert som svært god måloppnåelse og >60 % som god måloppnåelse.|Foreløpig vil tid fra brudd til operasjon bli brukt som ventetid. Det jobbes med å innhente innleggelsestidspunkt i sykehus. Ventetid fra innleggelse til operasjon kan kanskje være en mer riktig prosessindikator.|På landsbasis er det meget god måloppnåelse, men det er store variasjoner mellom de enkelte sykehusene. Det er en tendens til at de store universitetssykehusene har større problemer med å få operert pasientene innen de anbefalte 48 timer."
"Ind48t";"hoftebrudd";"Operasjon innen 48 timer";"Ind48t";0,9;0,8;1;"Alle hoftebrudd bør senest opereres innen 48 timer etter bruddtidspunktet for å redusere dødelighet og fare for medisinske komplikasjoner";"Denne kvalitetsindikatoren er definert som andel pasienter med akutt hoftebrudd som ble operert innen 48 timer etter bruddtidspunktet.|Det er gode holdepunkter for å anbefale at alle hoftebrudd bør tilstrebes operert innen 24 timer og senest innen 48 timer. Vi har definert >90 % som svært god måloppnåelse og >80 % som god måloppnåelse for operasjon innen 48 timer. For operasjon innen 24 timer er >80 % definert som svært god måloppnåelse og >60 % som god måloppnåelse.|Foreløpig vil tid fra brudd til operasjon bli brukt som ventetid. Det jobbes med å innhente innleggelsestidspunkt i sykehus. Ventetid fra innleggelse til operasjon kan kanskje være en mer riktig prosessindikator.|På landsbasis er det meget god måloppnåelse, men det er store variasjoner mellom de enkelte sykehusene. Det er en tendens til at de store universitetssykehusene har større problemer med å få operert pasientene innen de anbefalte 48 timer."
"Indprotese";"hoftebrudd";"Protese ved dislokerte lårhalsbrudd";"Indprotese";0,9;0,8;1;"Lårhalsbrudd hos pasienter over 70 år som er dislokerte (ute av stilling) bør opereres med en protese for å redusere risiko for reoperasjon og for å bedre funksjon";"Det er gode holdepunkter for å kunne si at dislokerte lårhalsbrudd hos pasienter over 70 år bør opereres med protese. Protesevalg (hemiprotese eller totalprotese) bør avgjøres utfra pasientens biologiske alder og funksjonelle krav. Indikatoren viser andel av pasienter med dislokerte lårhalsbrudd over 70 år som er operert med protese.|I 2017 oppnådde alle sykehus i Norge god måloppnåelse og nesten alle sykehus meget god måloppnåelse på denne indikatoren."
"Indsement";"hoftebrudd";"Sementert stamme ved bruk av protese";"Indsement";0,9;0,8;1;"Alle hoftebruddpasienter over 70 år som skal opereres med en protese bør få lårbensprotesen sementert for å redusere risiko for reoperasjon";"Det er god dokumentasjon for å si at det ved hoftebruddpasienter over 70 år bør benyttes sementerte stammer. Bruk av usementerte stammer reduserer risiko for nye brudd rundt implantatene og dermed fare for reoperasjoner. Det har vært en viss bekymring for økt dødelighet grunnet sement implantasjons syndrom ved bruk av sementerte stammer, men flere studier viser nå at det kun foreligger en marginal økning i dødelighet selve operasjonsdagen og dagen etter operasjonen. Risiko er høyest for de skrøpeligste pasientene (ASA 3-5). Med godt samarbeid mellom kirurg og anestesilege kan dødeligheten reduseres.|De fleste sykehus i Norge i dag bruker sementerte stammer ved protese for hoftebrudd hos pasienter > 70 år. Noen få sykehus bruker utelukkende usementerte stammer, mens noen sykehus virker å ha en differensiert behandling. Dette kan skyldes ulike preferanser hos ulike ved disse sykehusene. Det kan også skyldes differensiert behandling ved at de sprekeste pasientene opereres med sementert stamme, mens de skrøpeligste pasientene opereres med usementert stamme for å redusere risiko for sement implantasjons syndrom."
"Ind1aar";"hoftebrudd";"Ikke-reopererte proteser innen et år";"Ind1aar";0,9;0,8;1;"En reoperasjon er en betydelig belastning for en hoftebruddpasient og andelen reoperasjon er derfor et viktig mål for kvaliteten av behandlingen";"Andelen reoperasjoner er et mål på kvaliteten av behandlingen. En reoperasjon kan være en betydelig belastning for hoftebruddpasientene og medfører både øket mortalitet og morbiditet. Pasientene har i perioden før en reoperasjon oftest smerter og økte problemer i det daglige. Et viktig mål for behandling av hoftebrudd er derfor å unngå reoperasjoner. De fleste reoperasjoner for hoftebrudd skjer i løpet av det første året etter primæroperasjonen.|Andelen reoperasjoner innen 1 år postoperativt må imidlertid sees i sammenheng med rapporteringsgraden av reoperasjoner. Dersom rapportering av reoperasjoner er dårlig ved et sykehus vil dette medføre en falsk lav andel reopererte pasienter. Andelen reoperasjoner kan også ses i sammenheng med behandlingsmetode (kvalitetsindikatorer  for protese ved dislokerte lårhalsbrudd og sementert stamme ved bruk av protese).|De fleste sykehus har mindre enn 10 % reoperasjoner første året etter primæroperasjon og oppnår dermed god måloppnåelse."
"Ind30dDod";"hoftebrudd";"30 dagers overlevelse";"Ind30dDod";0,9;0,8;1;"30 dagers overlevelse er en hyppig brukt resultatindikator for behandling av hoftebrudd";"30 dagers overlevelse er en hyppig brukt resultatindikator for behandling av hoftebrudd. Det er imidlertid mange ulike faktorer som kan påvirke overlevelsen og som det er umulig å korrigere godt for. 30 dagers overlevelse er selvsagt også avhengig av hendelser etter at pasienten er utskrevet fra sykehuset. Tilfeldigheter eller små forskjeller vil kunne se store ut når sykehusvise resultater sammenlignes.|30 dagers overlevelse er ved de fleste sykehus >90 %."
"IndDGpo";"hoftebrudd";"Dekningsgrad primær osteosyntese";"IndDGpo";0,9;0,8;1;"Dekningsgrad gir et mål på hvor stor andel av primære osteosynteser som blir meldt til registeret sammenlignet med Norsk pasientregister";"Dekningsgrad for Norsk Hoftebruddregister (NHBR) er definert som andelen av de pasienter som sykehuset rapporterte til Norsk pasientregister (NPR) som sykehuset også meldte til NHBR. Vi har definert >90 % som svært god måloppnåelse, >80 % som god måloppnåelse.|En del usikkerhet er knyttet til beregning av dekningsgrad. Det er viktig at sykehusene rapporterer riktige diagnosekoder og prosedyrekoder til NPR for at riktige operasjoner skal bli koblet til NHBR. For primæroperasjoner er dette mindre problematisk, men for reoperasjoner er det en større usikkerhet da flere ulike prosedyrekoder kan benyttes. Det finnes ingen klare retningslinjer for hvilke prosedyrekoder som kirurgene skal benytte ved for eksempel bløtdelsrevisjoner etter infeksjon.|NPR mangler spesifisering av legemsside og dette medfører en usikkerhet i analysene. Totalproteser i hofte implanteres også av andre årsaker enn hoftebrudd. Pasienter kan ha totalproteser i begge hofter og en kan ut fra data i NPR ikke avgjøre hvilken protese som er reoperert. Dersom totalprotesen som er reoperert ikke er implantert som følge av hoftebrudd skal reoperasjonen heller ikke være registrert i NHBR. Det totale antallet reopererte totalproteser i NPR er altså høyere enn antallet reopererte totalproteser implantert etter hoftebrudd. Dette vil gi en feilaktig lavere dekningsgrad for totalproteser i NHBR.|Dekningsgradsanalyser var sist utført for operasjoner utført i perioden 2017-2018."
"IndDGph";"hoftebrudd";"Dekningsgrad primær hemiprotese";"IndDGph";0,9;0,8;1;"Dekningsgrad gir et mål på hvor stor andel av primære hemiproteser som blir meldt til registeret sammenlignet med Norsk pasientregister";"Dekningsgrad for Norsk Hoftebruddregister (NHBR) er definert som andelen av de pasienter som sykehuset rapporterte til Norsk pasientregister (NPR) som sykehuset også meldte til NHBR. Vi har definert >90 % som svært god måloppnåelse, >80 % som god måloppnåelse.|En del usikkerhet er knyttet til beregning av dekningsgrad. Det er viktig at sykehusene rapporterer riktige diagnosekoder og prosedyrekoder til NPR for at riktige operasjoner skal bli koblet til NHBR. For primæroperasjoner er dette mindre problematisk, men for reoperasjoner er det en større usikkerhet da flere ulike prosedyrekoder kan benyttes. Det finnes ingen klare retningslinjer for hvilke prosedyrekoder som kirurgene skal benytte ved for eksempel bløtdelsrevisjoner etter infeksjon.|NPR mangler spesifisering av legemsside og dette medfører en usikkerhet i analysene. Totalproteser i hofte implanteres også av andre årsaker enn hoftebrudd. Pasienter kan ha totalproteser i begge hofter og en kan ut fra data i NPR ikke avgjøre hvilken protese som er reoperert. Dersom totalprotesen som er reoperert ikke er implantert som følge av hoftebrudd skal reoperasjonen heller ikke være registrert i NHBR. Det totale antallet reopererte totalproteser i NPR er altså høyere enn antallet reopererte totalproteser implantert etter hoftebrudd. Dette vil gi en feilaktig lavere dekningsgrad for totalproteser i NHBR.|Dekningsgradsanalyser var sist utført for operasjoner utført i perioden 2017-2018."
"IndDGpt";"hoftebrudd";"Dekningsgrad primær totalprotese";"IndDGpt";0,9;0,8;1;"Dekningsgrad gir et mål på hvor stor andel av primære totalproteser som blir meldt til registeret sammenlignet med Norsk pasientregister";"Dekningsgrad for Norsk Hoftebruddregister (NHBR) er definert som andelen av de pasienter som sykehuset rapporterte til Norsk pasientregister (NPR) som sykehuset også meldte til NHBR. Vi har definert >90 % som svært god måloppnåelse, >80 % som god måloppnåelse.|En del usikkerhet er knyttet til beregning av dekningsgrad. Det er viktig at sykehusene rapporterer riktige diagnosekoder og prosedyrekoder til NPR for at riktige operasjoner skal bli koblet til NHBR. For primæroperasjoner er dette mindre problematisk, men for reoperasjoner er det en større usikkerhet da flere ulike prosedyrekoder kan benyttes. Det finnes ingen klare retningslinjer for hvilke prosedyrekoder som kirurgene skal benytte ved for eksempel bløtdelsrevisjoner etter infeksjon.|NPR mangler spesifisering av legemsside og dette medfører en usikkerhet i analysene. Totalproteser i hofte implanteres også av andre årsaker enn hoftebrudd. Pasienter kan ha totalproteser i begge hofter og en kan ut fra data i NPR ikke avgjøre hvilken protese som er reoperert. Dersom totalprotesen som er reoperert ikke er implantert som følge av hoftebrudd skal reoperasjonen heller ikke være registrert i NHBR. Det totale antallet reopererte totalproteser i NPR er altså høyere enn antallet reopererte totalproteser implantert etter hoftebrudd. Dette vil gi en feilaktig lavere dekningsgrad for totalproteser i NHBR.|Dekningsgradsanalyser var sist utført for operasjoner utført i perioden 2017-2018."
"IndDGp";"hoftebrudd";"Dekningsgrad av primære hoftebrudd";"IndDGp";0,9;0,8;1;"Dekningsgrad gir et mål på hvor stor andel av primære hoftebruddsoperasjoner som blir meldt til registeret sammenlignet med Norsk pasientregister";"Dekningsgrad for Norsk Hoftebruddregister (NHBR) er definert som andelen av de pasienter som sykehuset rapporterte til Norsk pasientregister (NPR) som sykehuset også meldte til NHBR. Vi har definert >90 % som svært god måloppnåelse, >80 % som god måloppnåelse.|En del usikkerhet er knyttet til beregning av dekningsgrad. Det er viktig at sykehusene rapporterer riktige diagnosekoder og prosedyrekoder til NPR for at riktige operasjoner skal bli koblet til NHBR. For primæroperasjoner er dette mindre problematisk, men for reoperasjoner er det en større usikkerhet da flere ulike prosedyrekoder kan benyttes. Det finnes ingen klare retningslinjer for hvilke prosedyrekoder som kirurgene skal benytte ved for eksempel bløtdelsrevisjoner etter infeksjon.|NPR mangler spesifisering av legemsside og dette medfører en usikkerhet i analysene. Totalproteser i hofte implanteres også av andre årsaker enn hoftebrudd. Pasienter kan ha totalproteser i begge hofter og en kan ut fra data i NPR ikke avgjøre hvilken protese som er reoperert. Dersom totalprotesen som er reoperert ikke er implantert som følge av hoftebrudd skal reoperasjonen heller ikke være registrert i NHBR. Det totale antallet reopererte totalproteser i NPR er altså høyere enn antallet reopererte totalproteser implantert etter hoftebrudd. Dette vil gi en feilaktig lavere dekningsgrad for totalproteser i NHBR.|Dekningsgradsanalyser var sist utført for operasjoner utført i perioden 2017-2018."
"lymfoid1";"lymfoid";"Dekningsgrad: Utredning";"lymfoid1";0,8;0,6;1;"Klinisk utredningsskjema for lymfoide maligniteter er viktig for å vurdere blant annet utbredelse og antatt forløp.";"Figuren viser dekningsgrad av primærutredning for 2018 og 2019. Informasjon om morfologi, basis for diagnosen, diagnosedato, tilhørende sykehus etc. hentes fra patologibesvarelsen der komplettheten ligger på 97,35 prosent. Stadium, prognostiske faktorer og planlagt behandling er derimot informasjon registeret kun får via utredningsmelding og registeret har derfor hatt høy fokus på å forbedre rapporteringen. Høy grad av måloppnåelse for denne kvalitetsindikatoren er 80% eller mer."
"lymfoid2";"lymfoid";"Diagnostisering av non-Hodgkin lymfom";"lymfoid2";0,95;0,9;1;"I følge både pakkeforløp og handlingsprogram skal alle lymfomdiagnoser stilles etter vurdering ved et universitetssykehuslaboratorium.";"Figuren viser andelen av pasienter diagnostisert med non-Hodgkin lymfom i 2019 som har fått diagnosen stilt ved et universitetssykehus, eller ved konsultasjon fra et universitetssykehus. Høy grad av måloppnåelse for denne kvalitetsindikatoren er over 95 prosent. Noen pasienter får ikke diagnosen stilt ved hjelp av anbefalt konsultasjon med universitetssykehus med erfaring, kompetanse og nødvendig utstyr for immunhistokjemisk og molekylær lymfomdiagnostikk. Registeret vil se på de ulike årsakene til dette og oppfordrer alle laboratorier til å følge retningslinjene."
"lymfoid3";"lymfoid";"Angitt stadium v/ non-Hodgkin lymfom";"lymfoid3";0,9;0,8;1;"Stadium viser hvor utbredt sykdommen er og er en viktig prognostisk faktor.";"Figuren viser andelen av pasienter diagnostisert med non-Hodgkin lymfom der stadium er oppgitt på utredningsmeldingen. Å angi riktig stadium er en viktig del av diagnostisering av lymfom. Dette sier noe om hvor utbredt sykdommen er. Høy grad av måloppnåelse for denne kvalitetsindikatoren er 90 prosent eller mer. Målet er nådd med god margin. Resultatet gjelder hele helseforetaket."
"lymfoid4";"lymfoid";"Flowcytometri v/ kronisk lymfatisk leukemi";"lymfoid4";0,9;0,8;1;"Ved diagnostisering av kronisk lymfatisk leukemi anbefales det å bruke undersøkelsen flowcytometri.";"Flowcytometrisk immunfenotyping er en metode for måling av fysiske og kjemiske egenskaper til enkeltceller eller partikler i væskestrøm, og immunfenotyping av lymfocytter er den anbefalte diagnostiske metoden ved mistanke om kronisk lymfatisk leukemi. Figuren viser andelen av pasienter diagnostisert med kronisk lymfatisk leukemi som har fått diagnosen påvist ved hjelp av flowcytometri fordelt på helseforetak. Høy grad av måloppnåelse for denne kvalitetsindikatoren er 90 prosent eller mer. Resultatet gjelder hele helseforetaket."
"lymfoid5";"lymfoid";"Biopsi v/ myelomatose";"lymfoid5";0,9;0,8;1;"Handlingsprogrammet anbefaler biopsi som undersøkelsesmetode for fastsetting av myelomatose.";"Figuren viser andelen pasienter diagnostisert med myelomatose i 2019 som er diagnostisert ved hjelp av biopsi (vevsprøve). Resultatet gjelder hele helseforetaket. Praksisen er noe spredt ved de ulike helseforetakene. Biopsi gir sikrere registrering via patologene, sikrere klassifisering ved vanskelig morfologi eller lymfoblastisk fenotype, sikrere tallfesting av plasmacelleandel og vil hos enkelte pasienter gi tidligere behandling. Revidert handlingsprogram for maligne blodsykdommer har endret anbefaling til å benytte seg av biopsi og utstryk, ikke enten/eller."
"lymfoid6";"lymfoid";"FISH v/ myelomatose";"lymfoid6";0,85;0,7;1;"Handlingsprogrammet anbefaler FISH som standardmetode for cytogenetisk undersøkelse ved diagnostisering av myelomatose.";"Figuren viser andelen pasienter diagnostisert med myelomatose i 2019 som er diagnostisert ved hjelp av en FISH-analyse. FISH er forkortelse for Fluorescerens In-Situ Hybridisering og er en cytogenetisk teknikk for å detektere og lokalisere tilstedeværelse eller fravær av spesifikke DNA- sekvenser på kromosomer, altså endringer i cellenes molekylære struktur og funksjon. FISH skal være standardmetode for cytogenetisk undersøkelse ved diagnostisering av myelomatose."
"hjinfb";"hjerteinfarkt";"Reperfusjonsbehandling ved STEMI";"kiB";0,9;0,8;1;"Pasienter under 85 år som ble behandlet med blodpropp-løsende medisin eller utblokking ved mistanke om tett hjerteåre";"Denne kvalitetsindikatoren er definert som andel pasienter under 85 år som ble behandlet med blodproppløsende medikament eller utblokking ved alvorlig hjerteinfarkt (STEMI). De europeiske retningslinjene som Norsk cardiologisk selskap har sluttet
seg til, anbefaler at pasienter med ST-elevasjonsinfarkt (STEMI) og med <12 timer fra symptomdebut
til første medisinske kontakt (FMK) blir behandlet med trombolyse og/eller koronar angiografi/PCI i
sykdomsforløpet. Hos noen pasienter vil det være medisinsk korrekt å fravike anbefalingene. Høyt målnivå er ønskelig."
"hjinfc";"hjerteinfarkt";"Reperfusjonsbehandling innen anbefalt tid ved STEMI";"kiC";0,85;0,7;1;"Pasienter under 85 år som  i løpet av kort tid ble behandlet med blodpropp-løsende medisin eller utblokking  ved mistanke om tett hjerteåre";"Kvalitetsindikatoren er definert som andel av pasienter under 85 år som innen anbefalt tid ble behandlet med blodproppløsende medikament eller utblokking ved mistanke om tett hjerteåre og alvorlig hjerteinfarkt (STEMI). Andel pasienter under 85 år innlagt med STelevasjonsinfarkt (STEMI) og med <12 timer fra symptomdebut til første medisinske kontakt som ble
behandlet med trombolyse innen 30 minutter eller koronar angiografi/PCI innen 120 minutter etter
første medisinske kontakt. Ved STEMI skal den tette blodåren åpnes så raskt som overhode mulig.
Dette vil gi redusert myokardskade og redusert risiko for hjertesvikt og død. Høyt målnivå er ønskelig."
"hjinfc1";"hjerteinfarkt";"Trombolyse innen anbefalt tid";"kiC1";0,8;0,5;1;"Pasienter under 85 år som  i løpet av kort tid ble behandlet med blodpropp-løsende medisin ved mistanke om tett hjerteåre";"Kvalitetsindikatoren er definert som andel pasienter under 85 år med STEMI som fikk trombolyse
innen 30 minutter av de som ble behandlet med trombolyse som initial reperfusjonsmetode. De europeiske retningslinjene som Norsk cardiologisk selskap har sluttet
seg til, anbefaler at pasienter som har alvorlig hjerteinfarkt med tett hjerteåre får blodproppløsende
medikament innen 30 minutter hvis pasienten ikke kan behandles med utblokking (PCI) innen 120
minutter. Høyt målnivå er ønskelig."
"hjinfc2";"hjerteinfarkt";"Primær PCI innen anbefalt tid";"kiC2";0,85;0,7;1;"Pasienter under 85 år som i løpet av kort tid ble behandlet med utblokking (PCI)  ved mistanke om tett hjerteåre";"Andel pasienter under 85 år med STEMI og <12 timer fra symptomdebut til første
medisinske kontakt som fikk primær PCI innen 120 minutter etter første medisinske kontakt. Primær
PCI er definert som angiografi eller PCI som initial metode for å oppnå reperfusjon når angiografi
eller PCI ble utført innen 12 timer etter første medisinske kontakt og det ikke var gitt trombolyse på
forhånd. De europeiske retningslinjene som Norsk cardiologisk selskap har sluttet
seg til, anbefaler at pasienter som har alvorlig hjerteinfarkt med tett hjerteåre får behandling med
utblokking (PCI) innen 120 minutter. Høyt målnivå er ønskelig."
"hjinfd";"hjerteinfarkt";"Invasivt utredet ved NSTEMI";"kiD";0,85;0,7;1;"Pasienter under 85 år med mindre EKG-forandringer som ble undersøkt med røntgen av hjertets blodårer i løpet av behandlingsforløpet";"Kvalitetsindikatoren er definert som andel av pasienter under 85 med mindre EKG-forandringer som ble
undersøkt med røntgen av hjertets blodårer i løpet av behandlingskjeden. De europeiske retningslinjene som Norsk cardiologisk selskap har sluttet
seg til, anbefaler at pasienter med NSTEMI som hovedregel utredes invasivt med koronar angiografi
under sykehusoppholdet. Ved invasiv utredning kartlegges sykdomsutbredelse. Dette er av betydning
for risikostratifisering og planlegging av behandlingen. Høyt målnivå er ønskelig."
"hjinfe";"hjerteinfarkt";"Invasivt utredet innen 72 timer ved NSTEMI";"kiE";0,8;0,5;1;"Pasienter under 85 år med mindre EKG-forandringer som ble undersøkt med røntgen av hjertets blodårer innen 72 timer etter innleggelse";"Kvalitetsindikatoren er definert som andel pasienter under 85 år med mindre EKG-forandringer som ble
undersøkt med røntgen av hjertets blodårer innen 72 timer etter innleggelse. Europeiske retningslinjer anbefaler at pasienter med NSTEMI som
hovedregel gjennomgår invasiv utredning innen 24 timer etter innleggelse. Praksis varierer i Norge.
Fagrådet for Norsk hjerteinfarktregister har vurdert foreliggende data og funnet at det ikke foreligger
god dokumentasjon for at pasienter med NSTEMI som hovedregel bør utredes innen 24 timer.
Fagrådet har derfor valgt å opprettholde utredning innen 72 timer etter innleggelse som nasjonal
kvalitetsindikator. Det understrekes at pasientene må risikostratifiseres, og at pasienter med høy
risiko må utredes raskt og noen umiddelbart (innen 2 timer). Høyt målnivå er ønskelig."
"hjinff";"hjerteinfarkt";"Utskrevet med antitrombotisk behandling";"kiF";0,9;0,8;1;"Pasienter under 85 år som behandles med to medikament for å forebygge ny blodpropp etter hjerteinfarktet";"Kvalitetsindikatoren er definert som andel av pasienter under 85 år som behandles med to platehemmende medikament eller et platehemmende medikament og et antikoagulasjonsbehandlende medikament etter hjerteinfarktet. Antitrombotisk behandling gir prognostisk gevinst. De europeiske
retningslinjene som Norsk cardiologisk selskap har sluttet seg til, anbefaler at pasientene som
hovedregel behandles i 12 måneder med to medikament for å hindre blodpropp etter
hjerteinfarktet. Hos noen pasienter vil det være medisinsk korrekt å fravike anbefalingene. Høyt målnivå er ønskelig."
"hjinfg";"hjerteinfarkt";"Utskrevet med lipidsenkende medikament";"kiG";0,9;0,85;1;"Pasienter under 85 år som behandles med kolesterolsenkende medisin etter hjerteinfarktet";"Kvalitetsindikatoren er definert som andel pasienter under 85 år som behandles med
kolesterolsenkende medikament etter hjerteinfarktet. Kolesterolsenkende behandling gir prognostisk gevinst. De europeiske
retningslinjene som Norsk cardiologisk selskap har sluttet seg til, anbefaler at pasientene som
hovedregel behandles med lipidsenkende medikament på ubestemt tid. Høyt målnivå er ønskelig."
"hjinfh";"hjerteinfarkt";"Ejeksjonsfraksjon (EF) målt";"kiH";0,8;0,6;1;"Undersøkelse av hjertets pumpefunksjon med ultralyd";"Kvalitetsindikatoren er definert som andel pasienter som undersøkes med måling av hjertets
pumpefunksjon. De europeiske retningslinjene som Norsk cardiologisk selskap har sluttet
seg til, anbefaler at ejeksjonsfraksjon (hjertets pumpefunksjon) som hovedregel blir beskrevet og
målt under sykdomsforløpet. Høyt målnivå er ønskelig."
"hjinfj";"hjerteinfarkt";"Utskrevet med betablokker hvis indikasjon";"kiJ";0,85;0,75;1;"Pasienter under 85 år som fikk anbefalt  medisin (betablokker) for å stabilisere hjerterytmen";"Kvalitetsindikatoren er definert som andel pasienter under 85 år som fikk anbefalt betablokker
medikament hvis det var indikasjon for betablokker. De europeiske retningslinjene som Norsk cardiologisk selskap har sluttet
seg til, anbefaler at pasientene med EF <40 %, eller som hadde hjertesvikt i tidligere sykehistorie eller
som fikk hjertesvikt i behandlingskjeden som hovedregel bør behandles med betablokker. Hos noen
pasienter vil det være medisinsk korrekt å fravike anbefalingene. Høyt målnivå er ønskelig."
"hjinfk";"hjerteinfarkt";"ACE-hemmer/AII-antagonist hvis indikasjon";"kiK";0,8;0,7;1;"Pasienter under 85 år med hjertesvikt eller sukkersyke som fikk anbefalt medisin (ACE/AII hemmer)";"Kvalitetsindikatoren er definert som andel pasienter under 85 år med hjertesvikt eller sukkersyke som
fikk medikament ACE-hemmer eller AII-antagonist. De europeiske retningslinjene som Norsk cardiologisk selskap har sluttet
seg til, anbefaler at pasientene med EF <40 %, eller som har hjertesvikt i tidligere sykehistorie, eller
som fikk hjertesvikt som komplikasjon i behandlingskjeden, eller som har sukkersyke, som
hovedregel behandles med ACE-hemmer/AII-antagonist. Hos noen pasienter vil det være medisinsk
korrekt å fravike anbefalingene. Høyt målnivå er ønskelig."
"hjinfa";"hjerteinfarkt";"Dekningsgrad";"kiA";0,85;0,7;1;"Hvor stor andel av pasienter med hjerteinfarkt som sykehuset meldte til  Norsk hjerteinfarktregister";"God dekningsgrad er en forutsetning for å vurdere kvaliteten på
hjerteinfarktbehandlingen ved det enkelte sykehus. Ved registrering må sykehusene rapportere
hvem de behandler, hvordan de behandler og hva som oppnås ved behandlingen. På den måten blir
registrering av alle hjerteinfarkt ved et sykehus et nødvendig og viktig verktøy for kvalitetsforbedring,
og en forutsetning for å kunne bedømme alle de andre kvalitetsindikatorene."
"norkara";"norkar";"Dekningsgrad - utposning på hovedpulsåren";"ki_A";0,9;0,69;1;"Andel pasienter med utposning på hovedpulsåren som er registrert i NORKAR og som også er registrert i Basisregisteret(HKR)/ Norsk pasientregister.";"Denne kvalitetsindikatoren er definert som andel pasienter med utposning på hovedpulsåren som er registrert i NORKAR og som også er registrert i Basisregisteret(HKR)/ Norskpasientregister. 

Det blir benyttet et sett med kvalifiserende prosedyre og diagnosekoder i beregning av dekningsgrad. Det vil derfor kunne være avvik mellom antall registreringer i NORKAR og antall episoder i dekningsgradsanalysen. Se Årsrapport for mer inngående om prosedyrer."
"norkarb";"norkar";"Dekningsgrad -forsnevring av halspulsåren";"ki_B";0,9;0,69;1;"Andel pasienter med forsnevring av halspulsåren (carotisstenose) som er registrert i NORKAR og som også er registrert i Basisregisteret (HKR)/ Norsk pasientregister.";"Denne kvalitetsindikatoren er definert som andel pasienter med forsnevring av halspulsåren (carotisstenose) som er registrert i NORKAR og som også er registrert i Basisregisteret(HKR)/ Norskpasientregister. 

Det blir benyttet et sett med kvalifiserende prosedyre og diagnosekoder i beregning av dekningsgrad. Det vil derfor kunne være avvik mellom antall registreringer i NORKAR og antall episoder i dekningsgradsanalysen. Se Årsrapport for mer inngående om prosedyrer."
"norkarc";"norkar";"Dekningsgrad - forsnevring av pulsårer i beina";"ki_C";0,9;0,69;1;"Andel pasienter med forsnevring av pulsårer i beina (til underekstremitetene) som er registrert i NORKAR og som også er registrert i Basisregisteret(HKR)/ Norskpasientregister.";"Denne kvalitetsindikatoren er definert som andel pasienter med forsnevring av av pulsårer i beina (til underekstremitetene) som er registrert i NORKAR og som også er registrert i Basisregisteret(HKR)/ Norskpasientregister. 

Det blir benyttet et sett med kvalifiserende prosedyre og diagnosekoder i beregning av dekningsgrad. Det vil derfor kunne være avvik mellom antall registreringer i NORKAR og antall episoder i dekningsgradsanalysen. Se Årsrapport for mer inngående om prosedyrer."
"norkard";"norkar";"Dødelighet etter utposning på hovedpulsåren";"ki_D";NA;NA;0;"Andel pasienter med utposning på hovedpulsåren (AAA) som dør innen 30 dager. Utposningen er intakt.";"Dødsfall etter behandling er en komplikasjon som er og skal være sjelden, men ved alle kirurgiske inngrep har man en viss fare for komplikasjoner. Denne indikatoren er definert som andel pasienter med utposning på hovedpulsåren (AAA) der utposningen er intakt og har fått gjennomført en operasjon som dør innen 30 dager.  Dødsfall er hentet fra Folkeregisteret. 

Tolk resultatene med varsomhet. Det er svært få hendelser som ligger til grunn for tallene, noe som medfører en høy grad av tilfeldig variasjon, slik at et behandlingssted som har høy dødelighet blant pasientene ikke nødvendigvis har dårlig behandlingskvalitet. Tall for hele landet tyder på at behandlingen av pasienter med utposning på hovedpulsåren i Norge er av høy kvalitet. Måloppnåelse er ikke definert."
"norkare";"norkar";"Dødelighet etter utposning på hovedpulsåren - åpen";"ki_E";0,0199;0,0499;0;"Andel pasienter med utposning på hovedpulsåren (AAA) som dør innen 30 dager. Utposningen er intakt og behandlingen er utført som en åpen operasjon.";"Dødsfall etter behandling er en komplikasjon som er og skal være sjelden, men ved alle kirurgiske inngrep har man en viss fare for komplikasjoner. Denne kvalitetsindikatoren er definert som andel pasienter med utposning på hovedpulsåren (AAA) der utposningen er intakt og har fått gjennomført en åpen operasjon som dør innen 30 dager.  Lavt målnivå er ønskelig. Dødsfall er hentet fra Folkeregisteret. 

Tolk resultatene med varsomhet. Det er svært få hendelser som ligger til grunn for tallene, noe som medfører en høy grad av tilfeldig variasjon, slik at et behandlingssted som har høy dødelighet blant pasientene ikke nødvendigvis har dårlig behandlingskvalitet. Tall for hele landet tyder på at behandlingen av pasienter med utposning på hovedpulsåren i Norge er av høy kvalitet."
"norkarf";"norkar";"Dødelighet etter utposning på hovedpulsåren - EVAR";"ki_F";0,0099;0,0199;0;"Andel pasienter med utposning på hovedpulsåren (AAA) som dør innen 30 dager. Utposningen er intakt og behandlingen er endovaskulær.";"Dødsfall etter behandling er en komplikasjon som er og skal være sjelden, men ved alle kirurgiske inngrep har man en viss fare for komplikasjoner. Denne kvalitetsindikatoren er definert som andel pasienter med utposning på hovedpulsåren (AAA) der utposningen er intakt og behandlingen er endovaskulær og som dør innen 30 dager.  Dødsfall er hentet fra Folkeregisteret. 

Tolk resultatene med varsomhet. Det er svært få hendelser som ligger til grunn for tallene, noe som medfører en høy grad av tilfeldig variasjon, slik at et behandlingssted som har høy dødelighet blant pasientene ikke nødvendigvis har dårlig behandlingskvalitet. Tall for hele landet tyder på at behandlingen av pasienter med utposning på hovedpulsåren i Norge er av høy kvalitet."
"norkari";"norkar";"Anbefalt medikamentbehandling etter utposning på hovedpulsåren";"ki_I";0,85;0,74;1;"Etter behandling for utposning på hovedpulsåren bør det startes medikamentell behandling for å forebygge komplikasjoner som hjerneslag eller hjerteinfarkt.";"Etter behandling for utposning på hovedpulsåren bør det startes medikamentell behandling for å forebygge komplikasjoner som hjerneslag eller hjerteinfarkt. Nasjonale og internasjonale retningslinjer beskriver viktigheten av denne type behandling for karkirurgiske pasienter. 

Kvalitetsindikatoren er definert som andel pasienter mottar resept på kolesterolsenkende medikamenter og platehemmer, eller antikoagulasjon. En årsak til dårlig måloppnåelse er at det blir registrert ukjent medikamentbruk ved utskrivelse. Dvs at det i NORKAR ikke blir registrert type medikamenter pasienten benytter ved utskrivelse."
"norkarh";"norkar";"Behandlet innen 14 dager for forsnevring av halspulsåren";"ki_H";0,8;0,59;1;"Andel pasienter med for forsnevring av halspulsåren (carotisstenose) som mottar behandling for denne tilstanden innen 14 dager.";"Denne kvalitetsindikatoren er definert som andel pasienter med for forsnevring av halspulsåren (carotisstenose) som mottar behandling for denne tilstanden innen 14 dager etter symptomer. De som har hatt symptomer på hjerneslag, bør undersøkes av lege så snart som mulig etter hendelsen. Målet om rask identifisering og behandling av pasienter med cerebrovaskulære hendelser stiller store krav til logistikken ved sykehusene. 

Flere faktorer utenfor karkirurgens innflytelse påvirker indikatoren, som for eksempel tid til kontakt med lege og tid til henvisning til spesialist, slik at indikatoren sier noe om helseforetaket klarer å behandle pasienter med symptomatiske stenoser innenfor anbefalt tid. En må også være klar over at det finnes situasjoner hvor retningslinjene anbefaler å vente mer enn 14 dager, for eksempel etter store slag eller ved betydelig utfall, slik at verdien skal ikke være 100 %."
"norkarj";"norkar";"Anbefalt medikamentbehandling  etter forsnevring av halspulsåren";"ki_J";0,85;0,74;1;"Etter behandling for forsnevring av halspulsåren (carotisstenose) bør det startes medikamentell behandling for å forebygge komplikasjoner som hjerneslag eller hjerteinfarkt.";"Etter behandling for forsnevring av halspulsåren bør det startes medikamentell behandling for å forebygge komplikasjoner som hjerneslag eller hjerteinfarkt. Nasjonale og internasjonale retningslinjer beskriver viktigheten av denne type behandling for karkirurgiske pasienter. 

Kvalitetsindikatoren er definert som andel pasienter mottar resept på kolesterolsenkende medikamenter og platehemmer, eller antikoagulasjon. En årsak til dårlig måloppnåelse er sannsynligvis at det blir registrert ukjent medikamentbruk ved utskrivelse. Dvs at det i NORKAR ikke blir registrert type medikamenter pasienten benytter ved utskrivelse."
"norkark";"norkar";"Anbefalt medikamentbehandling   etter forsnevring av pulsårer i beina";"ki_K";0,85;0,74;1;"Etter behandling for forsnevring av halspulsåren (carotisstenose) bør det startes medikamentell behandling for å forebygge komplikasjoner som hjerneslag eller hjerteinfarkt.";"Etter behandling for forsnevring av pulsårer i beina bør det startes medikamentell behandling for å forebygge komplikasjoner som hjerneslag eller hjerteinfarkt. Nasjonale og internasjonale retningslinjer beskriver viktigheten av denne type behandling for karkirurgiske pasienter. 

Kvalitetsindikatoren er definert som andel pasienter mottar resept på kolesterolsenkende medikamenter og platehemmer, eller antikoagulasjon. En årsak til dårlig måloppnåelse er sannsynligvis at det blir registrert ukjent medikamentbruk ved utskrivelse. Dvs at det i NORKAR ikke blir registrer type medikamenter pasienten benytter ved utskrivelse."
"norkardga";"norkar";"Aktualitet";"ki_DGA";0,9;0,69;1;"Antall dager fra utskrivelse til ferdigstilt skjema";"Antall dager fra utskrivelse til ferdigstilt skjema"
